year,location,country,lat,long,alt,bloom_date,bloom_doy
812,kyoto,japan,35.0119831,135.6761135,44,812-04-01,92
813,kyoto,japan,35.0119831,135.6761135,44,NA,NA
814,kyoto,japan,35.0119831,135.6761135,44,NA,NA
815,kyoto,japan,35.0119831,135.6761135,44,815-04-15,105
816,kyoto,japan,35.0119831,135.6761135,44,NA,NA
817,kyoto,japan,35.0119831,135.6761135,44,NA,NA
818,kyoto,japan,35.0119831,135.6761135,44,NA,NA
819,kyoto,japan,35.0119831,135.6761135,44,NA,NA
820,kyoto,japan,35.0119831,135.6761135,44,NA,NA
821,kyoto,japan,35.0119831,135.6761135,44,NA,NA
822,kyoto,japan,35.0119831,135.6761135,44,NA,NA
823,kyoto,japan,35.0119831,135.6761135,44,NA,NA
824,kyoto,japan,35.0119831,135.6761135,44,NA,NA
825,kyoto,japan,35.0119831,135.6761135,44,NA,NA
826,kyoto,japan,35.0119831,135.6761135,44,NA,NA
827,kyoto,japan,35.0119831,135.6761135,44,NA,NA
828,kyoto,japan,35.0119831,135.6761135,44,NA,NA
829,kyoto,japan,35.0119831,135.6761135,44,NA,NA
830,kyoto,japan,35.0119831,135.6761135,44,NA,NA
831,kyoto,japan,35.0119831,135.6761135,44,831-04-06,96
832,kyoto,japan,35.0119831,135.6761135,44,NA,NA
833,kyoto,japan,35.0119831,135.6761135,44,NA,NA
834,kyoto,japan,35.0119831,135.6761135,44,NA,NA
835,kyoto,japan,35.0119831,135.6761135,44,NA,NA
836,kyoto,japan,35.0119831,135.6761135,44,NA,NA
837,kyoto,japan,35.0119831,135.6761135,44,NA,NA
838,kyoto,japan,35.0119831,135.6761135,44,NA,NA
839,kyoto,japan,35.0119831,135.6761135,44,NA,NA
840,kyoto,japan,35.0119831,135.6761135,44,NA,NA
841,kyoto,japan,35.0119831,135.6761135,44,NA,NA
842,kyoto,japan,35.0119831,135.6761135,44,NA,NA
843,kyoto,japan,35.0119831,135.6761135,44,NA,NA
844,kyoto,japan,35.0119831,135.6761135,44,NA,NA
845,kyoto,japan,35.0119831,135.6761135,44,NA,NA
846,kyoto,japan,35.0119831,135.6761135,44,NA,NA
847,kyoto,japan,35.0119831,135.6761135,44,NA,NA
848,kyoto,japan,35.0119831,135.6761135,44,NA,NA
849,kyoto,japan,35.0119831,135.6761135,44,NA,NA
850,kyoto,japan,35.0119831,135.6761135,44,NA,NA
851,kyoto,japan,35.0119831,135.6761135,44,851-04-18,108
852,kyoto,japan,35.0119831,135.6761135,44,NA,NA
853,kyoto,japan,35.0119831,135.6761135,44,853-04-14,104
854,kyoto,japan,35.0119831,135.6761135,44,NA,NA
855,kyoto,japan,35.0119831,135.6761135,44,NA,NA
856,kyoto,japan,35.0119831,135.6761135,44,NA,NA
857,kyoto,japan,35.0119831,135.6761135,44,NA,NA
858,kyoto,japan,35.0119831,135.6761135,44,NA,NA
859,kyoto,japan,35.0119831,135.6761135,44,NA,NA
860,kyoto,japan,35.0119831,135.6761135,44,NA,NA
861,kyoto,japan,35.0119831,135.6761135,44,NA,NA
862,kyoto,japan,35.0119831,135.6761135,44,NA,NA
863,kyoto,japan,35.0119831,135.6761135,44,NA,NA
864,kyoto,japan,35.0119831,135.6761135,44,864-04-09,100
865,kyoto,japan,35.0119831,135.6761135,44,NA,NA
866,kyoto,japan,35.0119831,135.6761135,44,866-04-16,106
867,kyoto,japan,35.0119831,135.6761135,44,NA,NA
868,kyoto,japan,35.0119831,135.6761135,44,NA,NA
869,kyoto,japan,35.0119831,135.6761135,44,869-04-05,95
870,kyoto,japan,35.0119831,135.6761135,44,NA,NA
871,kyoto,japan,35.0119831,135.6761135,44,NA,NA
872,kyoto,japan,35.0119831,135.6761135,44,NA,NA
873,kyoto,japan,35.0119831,135.6761135,44,NA,NA
874,kyoto,japan,35.0119831,135.6761135,44,NA,NA
875,kyoto,japan,35.0119831,135.6761135,44,NA,NA
876,kyoto,japan,35.0119831,135.6761135,44,NA,NA
877,kyoto,japan,35.0119831,135.6761135,44,NA,NA
878,kyoto,japan,35.0119831,135.6761135,44,NA,NA
879,kyoto,japan,35.0119831,135.6761135,44,NA,NA
880,kyoto,japan,35.0119831,135.6761135,44,NA,NA
881,kyoto,japan,35.0119831,135.6761135,44,NA,NA
882,kyoto,japan,35.0119831,135.6761135,44,NA,NA
883,kyoto,japan,35.0119831,135.6761135,44,NA,NA
884,kyoto,japan,35.0119831,135.6761135,44,NA,NA
885,kyoto,japan,35.0119831,135.6761135,44,NA,NA
886,kyoto,japan,35.0119831,135.6761135,44,NA,NA
887,kyoto,japan,35.0119831,135.6761135,44,NA,NA
888,kyoto,japan,35.0119831,135.6761135,44,NA,NA
889,kyoto,japan,35.0119831,135.6761135,44,889-04-14,104
890,kyoto,japan,35.0119831,135.6761135,44,NA,NA
891,kyoto,japan,35.0119831,135.6761135,44,891-04-19,109
892,kyoto,japan,35.0119831,135.6761135,44,892-04-17,108
893,kyoto,japan,35.0119831,135.6761135,44,NA,NA
894,kyoto,japan,35.0119831,135.6761135,44,894-04-16,106
895,kyoto,japan,35.0119831,135.6761135,44,895-04-14,104
896,kyoto,japan,35.0119831,135.6761135,44,896-04-13,104
897,kyoto,japan,35.0119831,135.6761135,44,NA,NA
898,kyoto,japan,35.0119831,135.6761135,44,NA,NA
899,kyoto,japan,35.0119831,135.6761135,44,NA,NA
900,kyoto,japan,35.0119831,135.6761135,44,NA,NA
901,kyoto,japan,35.0119831,135.6761135,44,NA,NA
902,kyoto,japan,35.0119831,135.6761135,44,902-04-12,102
903,kyoto,japan,35.0119831,135.6761135,44,NA,NA
904,kyoto,japan,35.0119831,135.6761135,44,NA,NA
905,kyoto,japan,35.0119831,135.6761135,44,NA,NA
906,kyoto,japan,35.0119831,135.6761135,44,NA,NA
907,kyoto,japan,35.0119831,135.6761135,44,NA,NA
908,kyoto,japan,35.0119831,135.6761135,44,908-04-07,98
909,kyoto,japan,35.0119831,135.6761135,44,NA,NA
910,kyoto,japan,35.0119831,135.6761135,44,NA,NA
911,kyoto,japan,35.0119831,135.6761135,44,NA,NA
912,kyoto,japan,35.0119831,135.6761135,44,912-04-04,95
913,kyoto,japan,35.0119831,135.6761135,44,913-04-20,110
914,kyoto,japan,35.0119831,135.6761135,44,NA,NA
915,kyoto,japan,35.0119831,135.6761135,44,NA,NA
916,kyoto,japan,35.0119831,135.6761135,44,NA,NA
917,kyoto,japan,35.0119831,135.6761135,44,917-04-05,95
918,kyoto,japan,35.0119831,135.6761135,44,NA,NA
919,kyoto,japan,35.0119831,135.6761135,44,NA,NA
920,kyoto,japan,35.0119831,135.6761135,44,NA,NA
921,kyoto,japan,35.0119831,135.6761135,44,NA,NA
922,kyoto,japan,35.0119831,135.6761135,44,NA,NA
923,kyoto,japan,35.0119831,135.6761135,44,923-04-14,104
924,kyoto,japan,35.0119831,135.6761135,44,NA,NA
925,kyoto,japan,35.0119831,135.6761135,44,NA,NA
926,kyoto,japan,35.0119831,135.6761135,44,926-04-08,98
927,kyoto,japan,35.0119831,135.6761135,44,NA,NA
928,kyoto,japan,35.0119831,135.6761135,44,NA,NA
929,kyoto,japan,35.0119831,135.6761135,44,NA,NA
930,kyoto,japan,35.0119831,135.6761135,44,930-04-07,97
931,kyoto,japan,35.0119831,135.6761135,44,NA,NA
932,kyoto,japan,35.0119831,135.6761135,44,NA,NA
933,kyoto,japan,35.0119831,135.6761135,44,933-04-16,106
934,kyoto,japan,35.0119831,135.6761135,44,NA,NA
935,kyoto,japan,35.0119831,135.6761135,44,NA,NA
936,kyoto,japan,35.0119831,135.6761135,44,NA,NA
937,kyoto,japan,35.0119831,135.6761135,44,NA,NA
938,kyoto,japan,35.0119831,135.6761135,44,NA,NA
939,kyoto,japan,35.0119831,135.6761135,44,NA,NA
940,kyoto,japan,35.0119831,135.6761135,44,NA,NA
941,kyoto,japan,35.0119831,135.6761135,44,941-04-19,109
942,kyoto,japan,35.0119831,135.6761135,44,NA,NA
943,kyoto,japan,35.0119831,135.6761135,44,NA,NA
944,kyoto,japan,35.0119831,135.6761135,44,NA,NA
945,kyoto,japan,35.0119831,135.6761135,44,NA,NA
946,kyoto,japan,35.0119831,135.6761135,44,NA,NA
947,kyoto,japan,35.0119831,135.6761135,44,NA,NA
948,kyoto,japan,35.0119831,135.6761135,44,NA,NA
949,kyoto,japan,35.0119831,135.6761135,44,949-04-17,107
950,kyoto,japan,35.0119831,135.6761135,44,950-04-05,95
951,kyoto,japan,35.0119831,135.6761135,44,NA,NA
952,kyoto,japan,35.0119831,135.6761135,44,NA,NA
953,kyoto,japan,35.0119831,135.6761135,44,NA,NA
954,kyoto,japan,35.0119831,135.6761135,44,NA,NA
955,kyoto,japan,35.0119831,135.6761135,44,955-03-30,89
956,kyoto,japan,35.0119831,135.6761135,44,NA,NA
957,kyoto,japan,35.0119831,135.6761135,44,957-04-22,112
958,kyoto,japan,35.0119831,135.6761135,44,958-04-19,109
959,kyoto,japan,35.0119831,135.6761135,44,959-04-07,97
960,kyoto,japan,35.0119831,135.6761135,44,960-04-10,101
961,kyoto,japan,35.0119831,135.6761135,44,961-03-28,87
962,kyoto,japan,35.0119831,135.6761135,44,NA,NA
963,kyoto,japan,35.0119831,135.6761135,44,963-04-04,94
964,kyoto,japan,35.0119831,135.6761135,44,NA,NA
965,kyoto,japan,35.0119831,135.6761135,44,965-04-14,104
966,kyoto,japan,35.0119831,135.6761135,44,966-04-08,98
967,kyoto,japan,35.0119831,135.6761135,44,967-04-13,103
968,kyoto,japan,35.0119831,135.6761135,44,NA,NA
969,kyoto,japan,35.0119831,135.6761135,44,969-04-08,98
970,kyoto,japan,35.0119831,135.6761135,44,NA,NA
971,kyoto,japan,35.0119831,135.6761135,44,NA,NA
972,kyoto,japan,35.0119831,135.6761135,44,972-04-16,107
973,kyoto,japan,35.0119831,135.6761135,44,NA,NA
974,kyoto,japan,35.0119831,135.6761135,44,974-04-18,108
975,kyoto,japan,35.0119831,135.6761135,44,975-04-11,101
976,kyoto,japan,35.0119831,135.6761135,44,NA,NA
977,kyoto,japan,35.0119831,135.6761135,44,977-04-22,112
978,kyoto,japan,35.0119831,135.6761135,44,NA,NA
979,kyoto,japan,35.0119831,135.6761135,44,979-04-14,104
980,kyoto,japan,35.0119831,135.6761135,44,NA,NA
981,kyoto,japan,35.0119831,135.6761135,44,NA,NA
982,kyoto,japan,35.0119831,135.6761135,44,NA,NA
983,kyoto,japan,35.0119831,135.6761135,44,NA,NA
984,kyoto,japan,35.0119831,135.6761135,44,NA,NA
985,kyoto,japan,35.0119831,135.6761135,44,985-04-04,94
986,kyoto,japan,35.0119831,135.6761135,44,NA,NA
987,kyoto,japan,35.0119831,135.6761135,44,NA,NA
988,kyoto,japan,35.0119831,135.6761135,44,NA,NA
989,kyoto,japan,35.0119831,135.6761135,44,989-04-10,100
990,kyoto,japan,35.0119831,135.6761135,44,NA,NA
991,kyoto,japan,35.0119831,135.6761135,44,991-04-14,104
992,kyoto,japan,35.0119831,135.6761135,44,NA,NA
993,kyoto,japan,35.0119831,135.6761135,44,NA,NA
994,kyoto,japan,35.0119831,135.6761135,44,NA,NA
995,kyoto,japan,35.0119831,135.6761135,44,NA,NA
996,kyoto,japan,35.0119831,135.6761135,44,NA,NA
997,kyoto,japan,35.0119831,135.6761135,44,NA,NA
998,kyoto,japan,35.0119831,135.6761135,44,NA,NA
999,kyoto,japan,35.0119831,135.6761135,44,NA,NA
1000,kyoto,japan,35.0119831,135.6761135,44,1000-04-15,105
1001,kyoto,japan,35.0119831,135.6761135,44,NA,NA
1002,kyoto,japan,35.0119831,135.6761135,44,NA,NA
1003,kyoto,japan,35.0119831,135.6761135,44,NA,NA
1004,kyoto,japan,35.0119831,135.6761135,44,1004-04-26,117
1005,kyoto,japan,35.0119831,135.6761135,44,NA,NA
1006,kyoto,japan,35.0119831,135.6761135,44,1006-04-10,100
1007,kyoto,japan,35.0119831,135.6761135,44,1007-04-16,106
1008,kyoto,japan,35.0119831,135.6761135,44,NA,NA
1009,kyoto,japan,35.0119831,135.6761135,44,NA,NA
1010,kyoto,japan,35.0119831,135.6761135,44,NA,NA
1011,kyoto,japan,35.0119831,135.6761135,44,NA,NA
1012,kyoto,japan,35.0119831,135.6761135,44,NA,NA
1013,kyoto,japan,35.0119831,135.6761135,44,NA,NA
1014,kyoto,japan,35.0119831,135.6761135,44,1014-04-25,115
1015,kyoto,japan,35.0119831,135.6761135,44,NA,NA
1016,kyoto,japan,35.0119831,135.6761135,44,1016-04-20,111
1017,kyoto,japan,35.0119831,135.6761135,44,1017-04-09,99
1018,kyoto,japan,35.0119831,135.6761135,44,1018-04-23,113
1019,kyoto,japan,35.0119831,135.6761135,44,1019-04-08,98
1020,kyoto,japan,35.0119831,135.6761135,44,NA,NA
1021,kyoto,japan,35.0119831,135.6761135,44,NA,NA
1022,kyoto,japan,35.0119831,135.6761135,44,NA,NA
1023,kyoto,japan,35.0119831,135.6761135,44,NA,NA
1024,kyoto,japan,35.0119831,135.6761135,44,NA,NA
1025,kyoto,japan,35.0119831,135.6761135,44,NA,NA
1026,kyoto,japan,35.0119831,135.6761135,44,NA,NA
1027,kyoto,japan,35.0119831,135.6761135,44,NA,NA
1028,kyoto,japan,35.0119831,135.6761135,44,NA,NA
1029,kyoto,japan,35.0119831,135.6761135,44,1029-04-26,116
1030,kyoto,japan,35.0119831,135.6761135,44,NA,NA
1031,kyoto,japan,35.0119831,135.6761135,44,1031-04-07,97
1032,kyoto,japan,35.0119831,135.6761135,44,1032-04-20,111
1033,kyoto,japan,35.0119831,135.6761135,44,1033-04-12,102
1034,kyoto,japan,35.0119831,135.6761135,44,1034-04-06,96
1035,kyoto,japan,35.0119831,135.6761135,44,NA,NA
1036,kyoto,japan,35.0119831,135.6761135,44,1036-04-13,104
1037,kyoto,japan,35.0119831,135.6761135,44,NA,NA
1038,kyoto,japan,35.0119831,135.6761135,44,NA,NA
1039,kyoto,japan,35.0119831,135.6761135,44,NA,NA
1040,kyoto,japan,35.0119831,135.6761135,44,NA,NA
1041,kyoto,japan,35.0119831,135.6761135,44,1041-04-13,103
1042,kyoto,japan,35.0119831,135.6761135,44,NA,NA
1043,kyoto,japan,35.0119831,135.6761135,44,NA,NA
1044,kyoto,japan,35.0119831,135.6761135,44,NA,NA
1045,kyoto,japan,35.0119831,135.6761135,44,NA,NA
1046,kyoto,japan,35.0119831,135.6761135,44,1046-04-13,103
1047,kyoto,japan,35.0119831,135.6761135,44,NA,NA
1048,kyoto,japan,35.0119831,135.6761135,44,1048-04-21,112
1049,kyoto,japan,35.0119831,135.6761135,44,NA,NA
1050,kyoto,japan,35.0119831,135.6761135,44,1050-04-15,105
1051,kyoto,japan,35.0119831,135.6761135,44,NA,NA
1052,kyoto,japan,35.0119831,135.6761135,44,NA,NA
1053,kyoto,japan,35.0119831,135.6761135,44,NA,NA
1054,kyoto,japan,35.0119831,135.6761135,44,NA,NA
1055,kyoto,japan,35.0119831,135.6761135,44,NA,NA
1056,kyoto,japan,35.0119831,135.6761135,44,NA,NA
1057,kyoto,japan,35.0119831,135.6761135,44,NA,NA
1058,kyoto,japan,35.0119831,135.6761135,44,NA,NA
1059,kyoto,japan,35.0119831,135.6761135,44,NA,NA
1060,kyoto,japan,35.0119831,135.6761135,44,1060-04-17,108
1061,kyoto,japan,35.0119831,135.6761135,44,1061-04-02,92
1062,kyoto,japan,35.0119831,135.6761135,44,NA,NA
1063,kyoto,japan,35.0119831,135.6761135,44,NA,NA
1064,kyoto,japan,35.0119831,135.6761135,44,NA,NA
1065,kyoto,japan,35.0119831,135.6761135,44,NA,NA
1066,kyoto,japan,35.0119831,135.6761135,44,1066-04-15,105
1067,kyoto,japan,35.0119831,135.6761135,44,NA,NA
1068,kyoto,japan,35.0119831,135.6761135,44,NA,NA
1069,kyoto,japan,35.0119831,135.6761135,44,NA,NA
1070,kyoto,japan,35.0119831,135.6761135,44,NA,NA
1071,kyoto,japan,35.0119831,135.6761135,44,1071-04-23,113
1072,kyoto,japan,35.0119831,135.6761135,44,NA,NA
1073,kyoto,japan,35.0119831,135.6761135,44,1073-04-13,103
1074,kyoto,japan,35.0119831,135.6761135,44,NA,NA
1075,kyoto,japan,35.0119831,135.6761135,44,NA,NA
1076,kyoto,japan,35.0119831,135.6761135,44,NA,NA
1077,kyoto,japan,35.0119831,135.6761135,44,NA,NA
1078,kyoto,japan,35.0119831,135.6761135,44,NA,NA
1079,kyoto,japan,35.0119831,135.6761135,44,NA,NA
1080,kyoto,japan,35.0119831,135.6761135,44,1080-04-11,102
1081,kyoto,japan,35.0119831,135.6761135,44,NA,NA
1082,kyoto,japan,35.0119831,135.6761135,44,NA,NA
1083,kyoto,japan,35.0119831,135.6761135,44,1083-04-06,96
1084,kyoto,japan,35.0119831,135.6761135,44,1084-04-29,120
1085,kyoto,japan,35.0119831,135.6761135,44,NA,NA
1086,kyoto,japan,35.0119831,135.6761135,44,NA,NA
1087,kyoto,japan,35.0119831,135.6761135,44,NA,NA
1088,kyoto,japan,35.0119831,135.6761135,44,1088-04-13,104
1089,kyoto,japan,35.0119831,135.6761135,44,NA,NA
1090,kyoto,japan,35.0119831,135.6761135,44,1090-04-15,105
1091,kyoto,japan,35.0119831,135.6761135,44,NA,NA
1092,kyoto,japan,35.0119831,135.6761135,44,NA,NA
1093,kyoto,japan,35.0119831,135.6761135,44,1093-04-15,105
1094,kyoto,japan,35.0119831,135.6761135,44,NA,NA
1095,kyoto,japan,35.0119831,135.6761135,44,1095-04-10,100
1096,kyoto,japan,35.0119831,135.6761135,44,1096-04-05,96
1097,kyoto,japan,35.0119831,135.6761135,44,NA,NA
1098,kyoto,japan,35.0119831,135.6761135,44,1098-04-10,100
1099,kyoto,japan,35.0119831,135.6761135,44,1099-04-13,103
1100,kyoto,japan,35.0119831,135.6761135,44,NA,NA
1101,kyoto,japan,35.0119831,135.6761135,44,NA,NA
1102,kyoto,japan,35.0119831,135.6761135,44,1102-04-14,104
1103,kyoto,japan,35.0119831,135.6761135,44,NA,NA
1104,kyoto,japan,35.0119831,135.6761135,44,1104-04-17,108
1105,kyoto,japan,35.0119831,135.6761135,44,1105-04-24,114
1106,kyoto,japan,35.0119831,135.6761135,44,NA,NA
1107,kyoto,japan,35.0119831,135.6761135,44,1107-04-15,105
1108,kyoto,japan,35.0119831,135.6761135,44,NA,NA
1109,kyoto,japan,35.0119831,135.6761135,44,NA,NA
1110,kyoto,japan,35.0119831,135.6761135,44,NA,NA
1111,kyoto,japan,35.0119831,135.6761135,44,1111-04-23,113
1112,kyoto,japan,35.0119831,135.6761135,44,1112-04-13,104
1113,kyoto,japan,35.0119831,135.6761135,44,NA,NA
1114,kyoto,japan,35.0119831,135.6761135,44,1114-04-10,100
1115,kyoto,japan,35.0119831,135.6761135,44,NA,NA
1116,kyoto,japan,35.0119831,135.6761135,44,NA,NA
1117,kyoto,japan,35.0119831,135.6761135,44,1117-04-19,109
1118,kyoto,japan,35.0119831,135.6761135,44,1118-04-12,102
1119,kyoto,japan,35.0119831,135.6761135,44,NA,NA
1120,kyoto,japan,35.0119831,135.6761135,44,1120-04-13,104
1121,kyoto,japan,35.0119831,135.6761135,44,NA,NA
1122,kyoto,japan,35.0119831,135.6761135,44,NA,NA
1123,kyoto,japan,35.0119831,135.6761135,44,1123-04-22,112
1124,kyoto,japan,35.0119831,135.6761135,44,1124-04-07,98
1125,kyoto,japan,35.0119831,135.6761135,44,1125-04-21,111
1126,kyoto,japan,35.0119831,135.6761135,44,1126-04-18,108
1127,kyoto,japan,35.0119831,135.6761135,44,1127-04-17,107
1128,kyoto,japan,35.0119831,135.6761135,44,1128-04-20,111
1129,kyoto,japan,35.0119831,135.6761135,44,1129-04-16,106
1130,kyoto,japan,35.0119831,135.6761135,44,1130-04-13,103
1131,kyoto,japan,35.0119831,135.6761135,44,1131-04-13,103
1132,kyoto,japan,35.0119831,135.6761135,44,NA,NA
1133,kyoto,japan,35.0119831,135.6761135,44,NA,NA
1134,kyoto,japan,35.0119831,135.6761135,44,1134-04-16,106
1135,kyoto,japan,35.0119831,135.6761135,44,NA,NA
1136,kyoto,japan,35.0119831,135.6761135,44,NA,NA
1137,kyoto,japan,35.0119831,135.6761135,44,NA,NA
1138,kyoto,japan,35.0119831,135.6761135,44,NA,NA
1139,kyoto,japan,35.0119831,135.6761135,44,1139-04-23,113
1140,kyoto,japan,35.0119831,135.6761135,44,1140-04-12,103
1141,kyoto,japan,35.0119831,135.6761135,44,1141-04-21,111
1142,kyoto,japan,35.0119831,135.6761135,44,NA,NA
1143,kyoto,japan,35.0119831,135.6761135,44,1143-04-20,110
1144,kyoto,japan,35.0119831,135.6761135,44,NA,NA
1145,kyoto,japan,35.0119831,135.6761135,44,1145-04-17,107
1146,kyoto,japan,35.0119831,135.6761135,44,NA,NA
1147,kyoto,japan,35.0119831,135.6761135,44,NA,NA
1148,kyoto,japan,35.0119831,135.6761135,44,NA,NA
1149,kyoto,japan,35.0119831,135.6761135,44,NA,NA
1150,kyoto,japan,35.0119831,135.6761135,44,NA,NA
1151,kyoto,japan,35.0119831,135.6761135,44,1151-04-19,109
1152,kyoto,japan,35.0119831,135.6761135,44,NA,NA
1153,kyoto,japan,35.0119831,135.6761135,44,NA,NA
1154,kyoto,japan,35.0119831,135.6761135,44,1154-04-06,96
1155,kyoto,japan,35.0119831,135.6761135,44,NA,NA
1156,kyoto,japan,35.0119831,135.6761135,44,1156-03-30,90
1157,kyoto,japan,35.0119831,135.6761135,44,NA,NA
1158,kyoto,japan,35.0119831,135.6761135,44,NA,NA
1159,kyoto,japan,35.0119831,135.6761135,44,1159-04-13,103
1160,kyoto,japan,35.0119831,135.6761135,44,NA,NA
1161,kyoto,japan,35.0119831,135.6761135,44,1161-04-22,112
1162,kyoto,japan,35.0119831,135.6761135,44,NA,NA
1163,kyoto,japan,35.0119831,135.6761135,44,1163-04-22,112
1164,kyoto,japan,35.0119831,135.6761135,44,1164-04-09,100
1165,kyoto,japan,35.0119831,135.6761135,44,1165-04-16,106
1166,kyoto,japan,35.0119831,135.6761135,44,1166-04-05,95
1167,kyoto,japan,35.0119831,135.6761135,44,1167-04-21,111
1168,kyoto,japan,35.0119831,135.6761135,44,NA,NA
1169,kyoto,japan,35.0119831,135.6761135,44,1169-04-22,112
1170,kyoto,japan,35.0119831,135.6761135,44,1170-04-23,113
1171,kyoto,japan,35.0119831,135.6761135,44,NA,NA
1172,kyoto,japan,35.0119831,135.6761135,44,1172-04-12,103
1173,kyoto,japan,35.0119831,135.6761135,44,1173-04-27,117
1174,kyoto,japan,35.0119831,135.6761135,44,1174-04-22,112
1175,kyoto,japan,35.0119831,135.6761135,44,1175-04-23,113
1176,kyoto,japan,35.0119831,135.6761135,44,1176-04-22,113
1177,kyoto,japan,35.0119831,135.6761135,44,NA,NA
1178,kyoto,japan,35.0119831,135.6761135,44,NA,NA
1179,kyoto,japan,35.0119831,135.6761135,44,1179-04-13,103
1180,kyoto,japan,35.0119831,135.6761135,44,1180-04-07,98
1181,kyoto,japan,35.0119831,135.6761135,44,NA,NA
1182,kyoto,japan,35.0119831,135.6761135,44,1182-04-14,104
1183,kyoto,japan,35.0119831,135.6761135,44,1183-04-11,101
1184,kyoto,japan,35.0119831,135.6761135,44,1184-04-24,115
1185,kyoto,japan,35.0119831,135.6761135,44,1185-04-25,115
1186,kyoto,japan,35.0119831,135.6761135,44,NA,NA
1187,kyoto,japan,35.0119831,135.6761135,44,1187-04-14,104
1188,kyoto,japan,35.0119831,135.6761135,44,1188-04-16,107
1189,kyoto,japan,35.0119831,135.6761135,44,NA,NA
1190,kyoto,japan,35.0119831,135.6761135,44,1190-04-22,112
1191,kyoto,japan,35.0119831,135.6761135,44,1191-04-16,106
1192,kyoto,japan,35.0119831,135.6761135,44,NA,NA
1193,kyoto,japan,35.0119831,135.6761135,44,NA,NA
1194,kyoto,japan,35.0119831,135.6761135,44,1194-04-29,119
1195,kyoto,japan,35.0119831,135.6761135,44,NA,NA
1196,kyoto,japan,35.0119831,135.6761135,44,NA,NA
1197,kyoto,japan,35.0119831,135.6761135,44,NA,NA
1198,kyoto,japan,35.0119831,135.6761135,44,NA,NA
1199,kyoto,japan,35.0119831,135.6761135,44,1199-04-19,109
1200,kyoto,japan,35.0119831,135.6761135,44,1200-04-13,104
1201,kyoto,japan,35.0119831,135.6761135,44,1201-04-06,96
1202,kyoto,japan,35.0119831,135.6761135,44,1202-04-16,106
1203,kyoto,japan,35.0119831,135.6761135,44,1203-04-15,105
1204,kyoto,japan,35.0119831,135.6761135,44,1204-04-19,110
1205,kyoto,japan,35.0119831,135.6761135,44,1205-04-15,105
1206,kyoto,japan,35.0119831,135.6761135,44,NA,NA
1207,kyoto,japan,35.0119831,135.6761135,44,1207-04-14,104
1208,kyoto,japan,35.0119831,135.6761135,44,NA,NA
1209,kyoto,japan,35.0119831,135.6761135,44,NA,NA
1210,kyoto,japan,35.0119831,135.6761135,44,1210-04-22,112
1211,kyoto,japan,35.0119831,135.6761135,44,NA,NA
1212,kyoto,japan,35.0119831,135.6761135,44,1212-04-07,98
1213,kyoto,japan,35.0119831,135.6761135,44,1213-04-17,107
1214,kyoto,japan,35.0119831,135.6761135,44,1214-04-12,102
1215,kyoto,japan,35.0119831,135.6761135,44,1215-04-18,108
1216,kyoto,japan,35.0119831,135.6761135,44,1216-04-10,101
1217,kyoto,japan,35.0119831,135.6761135,44,NA,NA
1218,kyoto,japan,35.0119831,135.6761135,44,NA,NA
1219,kyoto,japan,35.0119831,135.6761135,44,1219-04-11,101
1220,kyoto,japan,35.0119831,135.6761135,44,1220-04-18,109
1221,kyoto,japan,35.0119831,135.6761135,44,1221-04-09,99
1222,kyoto,japan,35.0119831,135.6761135,44,NA,NA
1223,kyoto,japan,35.0119831,135.6761135,44,1223-04-26,116
1224,kyoto,japan,35.0119831,135.6761135,44,NA,NA
1225,kyoto,japan,35.0119831,135.6761135,44,1225-04-15,105
1226,kyoto,japan,35.0119831,135.6761135,44,1226-04-16,106
1227,kyoto,japan,35.0119831,135.6761135,44,1227-04-21,111
1228,kyoto,japan,35.0119831,135.6761135,44,NA,NA
1229,kyoto,japan,35.0119831,135.6761135,44,1229-04-07,97
1230,kyoto,japan,35.0119831,135.6761135,44,1230-04-12,102
1231,kyoto,japan,35.0119831,135.6761135,44,1231-04-11,101
1232,kyoto,japan,35.0119831,135.6761135,44,1232-04-01,92
1233,kyoto,japan,35.0119831,135.6761135,44,1233-04-15,105
1234,kyoto,japan,35.0119831,135.6761135,44,NA,NA
1235,kyoto,japan,35.0119831,135.6761135,44,1235-04-20,110
1236,kyoto,japan,35.0119831,135.6761135,44,1236-03-27,87
1237,kyoto,japan,35.0119831,135.6761135,44,NA,NA
1238,kyoto,japan,35.0119831,135.6761135,44,NA,NA
1239,kyoto,japan,35.0119831,135.6761135,44,NA,NA
1240,kyoto,japan,35.0119831,135.6761135,44,1240-04-15,106
1241,kyoto,japan,35.0119831,135.6761135,44,NA,NA
1242,kyoto,japan,35.0119831,135.6761135,44,NA,NA
1243,kyoto,japan,35.0119831,135.6761135,44,NA,NA
1244,kyoto,japan,35.0119831,135.6761135,44,1244-04-17,108
1245,kyoto,japan,35.0119831,135.6761135,44,1245-04-18,108
1246,kyoto,japan,35.0119831,135.6761135,44,1246-04-08,98
1247,kyoto,japan,35.0119831,135.6761135,44,1247-04-16,106
1248,kyoto,japan,35.0119831,135.6761135,44,NA,NA
1249,kyoto,japan,35.0119831,135.6761135,44,1249-04-18,108
1250,kyoto,japan,35.0119831,135.6761135,44,1250-04-26,116
1251,kyoto,japan,35.0119831,135.6761135,44,1251-04-10,100
1252,kyoto,japan,35.0119831,135.6761135,44,NA,NA
1253,kyoto,japan,35.0119831,135.6761135,44,NA,NA
1254,kyoto,japan,35.0119831,135.6761135,44,1254-04-20,110
1255,kyoto,japan,35.0119831,135.6761135,44,NA,NA
1256,kyoto,japan,35.0119831,135.6761135,44,NA,NA
1257,kyoto,japan,35.0119831,135.6761135,44,1257-04-04,94
1258,kyoto,japan,35.0119831,135.6761135,44,NA,NA
1259,kyoto,japan,35.0119831,135.6761135,44,1259-04-06,96
1260,kyoto,japan,35.0119831,135.6761135,44,NA,NA
1261,kyoto,japan,35.0119831,135.6761135,44,NA,NA
1262,kyoto,japan,35.0119831,135.6761135,44,1262-04-07,97
1263,kyoto,japan,35.0119831,135.6761135,44,1263-04-30,120
1264,kyoto,japan,35.0119831,135.6761135,44,1264-04-12,103
1265,kyoto,japan,35.0119831,135.6761135,44,1265-04-08,98
1266,kyoto,japan,35.0119831,135.6761135,44,NA,NA
1267,kyoto,japan,35.0119831,135.6761135,44,1267-04-15,105
1268,kyoto,japan,35.0119831,135.6761135,44,1268-04-12,103
1269,kyoto,japan,35.0119831,135.6761135,44,1269-04-10,100
1270,kyoto,japan,35.0119831,135.6761135,44,NA,NA
1271,kyoto,japan,35.0119831,135.6761135,44,1271-04-10,100
1272,kyoto,japan,35.0119831,135.6761135,44,NA,NA
1273,kyoto,japan,35.0119831,135.6761135,44,NA,NA
1274,kyoto,japan,35.0119831,135.6761135,44,NA,NA
1275,kyoto,japan,35.0119831,135.6761135,44,1275-04-17,107
1276,kyoto,japan,35.0119831,135.6761135,44,NA,NA
1277,kyoto,japan,35.0119831,135.6761135,44,NA,NA
1278,kyoto,japan,35.0119831,135.6761135,44,1278-04-23,113
1279,kyoto,japan,35.0119831,135.6761135,44,1279-04-11,101
1280,kyoto,japan,35.0119831,135.6761135,44,1280-04-11,102
1281,kyoto,japan,35.0119831,135.6761135,44,NA,NA
1282,kyoto,japan,35.0119831,135.6761135,44,NA,NA
1283,kyoto,japan,35.0119831,135.6761135,44,1283-04-13,103
1284,kyoto,japan,35.0119831,135.6761135,44,1284-04-11,102
1285,kyoto,japan,35.0119831,135.6761135,44,1285-04-15,105
1286,kyoto,japan,35.0119831,135.6761135,44,1286-04-22,112
1287,kyoto,japan,35.0119831,135.6761135,44,1287-04-20,110
1288,kyoto,japan,35.0119831,135.6761135,44,1288-04-17,108
1289,kyoto,japan,35.0119831,135.6761135,44,1289-04-17,107
1290,kyoto,japan,35.0119831,135.6761135,44,NA,NA
1291,kyoto,japan,35.0119831,135.6761135,44,NA,NA
1292,kyoto,japan,35.0119831,135.6761135,44,1292-04-16,107
1293,kyoto,japan,35.0119831,135.6761135,44,NA,NA
1294,kyoto,japan,35.0119831,135.6761135,44,1294-04-11,101
1295,kyoto,japan,35.0119831,135.6761135,44,1295-04-12,102
1296,kyoto,japan,35.0119831,135.6761135,44,NA,NA
1297,kyoto,japan,35.0119831,135.6761135,44,NA,NA
1298,kyoto,japan,35.0119831,135.6761135,44,NA,NA
1299,kyoto,japan,35.0119831,135.6761135,44,NA,NA
1300,kyoto,japan,35.0119831,135.6761135,44,NA,NA
1301,kyoto,japan,35.0119831,135.6761135,44,1301-04-05,95
1302,kyoto,japan,35.0119831,135.6761135,44,1302-04-06,96
1303,kyoto,japan,35.0119831,135.6761135,44,NA,NA
1304,kyoto,japan,35.0119831,135.6761135,44,NA,NA
1305,kyoto,japan,35.0119831,135.6761135,44,NA,NA
1306,kyoto,japan,35.0119831,135.6761135,44,NA,NA
1307,kyoto,japan,35.0119831,135.6761135,44,1307-04-14,104
1308,kyoto,japan,35.0119831,135.6761135,44,NA,NA
1309,kyoto,japan,35.0119831,135.6761135,44,NA,NA
1310,kyoto,japan,35.0119831,135.6761135,44,NA,NA
1311,kyoto,japan,35.0119831,135.6761135,44,1311-04-04,94
1312,kyoto,japan,35.0119831,135.6761135,44,1312-04-09,100
1313,kyoto,japan,35.0119831,135.6761135,44,NA,NA
1314,kyoto,japan,35.0119831,135.6761135,44,1314-04-11,101
1315,kyoto,japan,35.0119831,135.6761135,44,1315-04-21,111
1316,kyoto,japan,35.0119831,135.6761135,44,1316-04-12,103
1317,kyoto,japan,35.0119831,135.6761135,44,1317-04-12,102
1318,kyoto,japan,35.0119831,135.6761135,44,NA,NA
1319,kyoto,japan,35.0119831,135.6761135,44,1319-04-26,116
1320,kyoto,japan,35.0119831,135.6761135,44,NA,NA
1321,kyoto,japan,35.0119831,135.6761135,44,1321-04-12,102
1322,kyoto,japan,35.0119831,135.6761135,44,1322-04-16,106
1323,kyoto,japan,35.0119831,135.6761135,44,1323-05-04,124
1324,kyoto,japan,35.0119831,135.6761135,44,1324-04-07,98
1325,kyoto,japan,35.0119831,135.6761135,44,NA,NA
1326,kyoto,japan,35.0119831,135.6761135,44,1326-04-17,107
1327,kyoto,japan,35.0119831,135.6761135,44,NA,NA
1328,kyoto,japan,35.0119831,135.6761135,44,NA,NA
1329,kyoto,japan,35.0119831,135.6761135,44,1329-04-22,112
1330,kyoto,japan,35.0119831,135.6761135,44,1330-04-18,108
1331,kyoto,japan,35.0119831,135.6761135,44,1331-04-22,112
1332,kyoto,japan,35.0119831,135.6761135,44,1332-04-24,115
1333,kyoto,japan,35.0119831,135.6761135,44,NA,NA
1334,kyoto,japan,35.0119831,135.6761135,44,NA,NA
1335,kyoto,japan,35.0119831,135.6761135,44,NA,NA
1336,kyoto,japan,35.0119831,135.6761135,44,NA,NA
1337,kyoto,japan,35.0119831,135.6761135,44,NA,NA
1338,kyoto,japan,35.0119831,135.6761135,44,NA,NA
1339,kyoto,japan,35.0119831,135.6761135,44,NA,NA
1340,kyoto,japan,35.0119831,135.6761135,44,NA,NA
1341,kyoto,japan,35.0119831,135.6761135,44,NA,NA
1342,kyoto,japan,35.0119831,135.6761135,44,1342-04-20,110
1343,kyoto,japan,35.0119831,135.6761135,44,NA,NA
1344,kyoto,japan,35.0119831,135.6761135,44,1344-04-11,102
1345,kyoto,japan,35.0119831,135.6761135,44,NA,NA
1346,kyoto,japan,35.0119831,135.6761135,44,1346-04-17,107
1347,kyoto,japan,35.0119831,135.6761135,44,1347-04-19,109
1348,kyoto,japan,35.0119831,135.6761135,44,NA,NA
1349,kyoto,japan,35.0119831,135.6761135,44,1349-04-22,112
1350,kyoto,japan,35.0119831,135.6761135,44,1350-04-11,101
1351,kyoto,japan,35.0119831,135.6761135,44,1351-04-25,115
1352,kyoto,japan,35.0119831,135.6761135,44,NA,NA
1353,kyoto,japan,35.0119831,135.6761135,44,NA,NA
1354,kyoto,japan,35.0119831,135.6761135,44,NA,NA
1355,kyoto,japan,35.0119831,135.6761135,44,NA,NA
1356,kyoto,japan,35.0119831,135.6761135,44,1356-04-26,117
1357,kyoto,japan,35.0119831,135.6761135,44,1357-04-17,107
1358,kyoto,japan,35.0119831,135.6761135,44,1358-04-20,110
1359,kyoto,japan,35.0119831,135.6761135,44,1359-04-15,105
1360,kyoto,japan,35.0119831,135.6761135,44,1360-04-10,101
1361,kyoto,japan,35.0119831,135.6761135,44,1361-04-18,108
1362,kyoto,japan,35.0119831,135.6761135,44,NA,NA
1363,kyoto,japan,35.0119831,135.6761135,44,1363-04-17,107
1364,kyoto,japan,35.0119831,135.6761135,44,1364-04-19,110
1365,kyoto,japan,35.0119831,135.6761135,44,NA,NA
1366,kyoto,japan,35.0119831,135.6761135,44,1366-04-22,112
1367,kyoto,japan,35.0119831,135.6761135,44,1367-04-07,97
1368,kyoto,japan,35.0119831,135.6761135,44,1368-03-28,88
1369,kyoto,japan,35.0119831,135.6761135,44,1369-04-04,94
1370,kyoto,japan,35.0119831,135.6761135,44,1370-04-19,109
1371,kyoto,japan,35.0119831,135.6761135,44,NA,NA
1372,kyoto,japan,35.0119831,135.6761135,44,1372-04-11,102
1373,kyoto,japan,35.0119831,135.6761135,44,1373-04-20,110
1374,kyoto,japan,35.0119831,135.6761135,44,NA,NA
1375,kyoto,japan,35.0119831,135.6761135,44,1375-04-13,103
1376,kyoto,japan,35.0119831,135.6761135,44,1376-04-08,99
1377,kyoto,japan,35.0119831,135.6761135,44,1377-04-15,105
1378,kyoto,japan,35.0119831,135.6761135,44,1378-04-14,104
1379,kyoto,japan,35.0119831,135.6761135,44,1379-04-13,103
1380,kyoto,japan,35.0119831,135.6761135,44,1380-04-11,102
1381,kyoto,japan,35.0119831,135.6761135,44,1381-04-18,108
1382,kyoto,japan,35.0119831,135.6761135,44,1382-04-15,105
1383,kyoto,japan,35.0119831,135.6761135,44,1383-04-12,102
1384,kyoto,japan,35.0119831,135.6761135,44,1384-04-07,98
1385,kyoto,japan,35.0119831,135.6761135,44,1385-04-09,99
1386,kyoto,japan,35.0119831,135.6761135,44,1386-04-15,105
1387,kyoto,japan,35.0119831,135.6761135,44,1387-04-10,100
1388,kyoto,japan,35.0119831,135.6761135,44,1388-04-08,99
1389,kyoto,japan,35.0119831,135.6761135,44,NA,NA
1390,kyoto,japan,35.0119831,135.6761135,44,NA,NA
1391,kyoto,japan,35.0119831,135.6761135,44,NA,NA
1392,kyoto,japan,35.0119831,135.6761135,44,NA,NA
1393,kyoto,japan,35.0119831,135.6761135,44,NA,NA
1394,kyoto,japan,35.0119831,135.6761135,44,NA,NA
1395,kyoto,japan,35.0119831,135.6761135,44,NA,NA
1396,kyoto,japan,35.0119831,135.6761135,44,NA,NA
1397,kyoto,japan,35.0119831,135.6761135,44,NA,NA
1398,kyoto,japan,35.0119831,135.6761135,44,1398-04-16,106
1399,kyoto,japan,35.0119831,135.6761135,44,NA,NA
1400,kyoto,japan,35.0119831,135.6761135,44,NA,NA
1401,kyoto,japan,35.0119831,135.6761135,44,1401-04-11,101
1402,kyoto,japan,35.0119831,135.6761135,44,1402-04-13,103
1403,kyoto,japan,35.0119831,135.6761135,44,1403-04-14,104
1404,kyoto,japan,35.0119831,135.6761135,44,NA,NA
1405,kyoto,japan,35.0119831,135.6761135,44,NA,NA
1406,kyoto,japan,35.0119831,135.6761135,44,1406-04-12,102
1407,kyoto,japan,35.0119831,135.6761135,44,1407-04-11,101
1408,kyoto,japan,35.0119831,135.6761135,44,1408-04-20,111
1409,kyoto,japan,35.0119831,135.6761135,44,1409-03-27,86
1410,kyoto,japan,35.0119831,135.6761135,44,1410-04-12,102
1411,kyoto,japan,35.0119831,135.6761135,44,NA,NA
1412,kyoto,japan,35.0119831,135.6761135,44,1412-04-02,93
1413,kyoto,japan,35.0119831,135.6761135,44,1413-04-01,91
1414,kyoto,japan,35.0119831,135.6761135,44,NA,NA
1415,kyoto,japan,35.0119831,135.6761135,44,1415-04-15,105
1416,kyoto,japan,35.0119831,135.6761135,44,1416-04-10,101
1417,kyoto,japan,35.0119831,135.6761135,44,1417-04-19,109
1418,kyoto,japan,35.0119831,135.6761135,44,1418-04-08,98
1419,kyoto,japan,35.0119831,135.6761135,44,1419-04-10,100
1420,kyoto,japan,35.0119831,135.6761135,44,1420-04-21,112
1421,kyoto,japan,35.0119831,135.6761135,44,1421-04-09,99
1422,kyoto,japan,35.0119831,135.6761135,44,1422-04-19,109
1423,kyoto,japan,35.0119831,135.6761135,44,1423-04-06,96
1424,kyoto,japan,35.0119831,135.6761135,44,1424-04-12,103
1425,kyoto,japan,35.0119831,135.6761135,44,1425-04-08,98
1426,kyoto,japan,35.0119831,135.6761135,44,1426-04-09,99
1427,kyoto,japan,35.0119831,135.6761135,44,1427-04-12,102
1428,kyoto,japan,35.0119831,135.6761135,44,NA,NA
1429,kyoto,japan,35.0119831,135.6761135,44,1429-04-08,98
1430,kyoto,japan,35.0119831,135.6761135,44,1430-04-18,108
1431,kyoto,japan,35.0119831,135.6761135,44,1431-04-12,102
1432,kyoto,japan,35.0119831,135.6761135,44,1432-04-13,104
1433,kyoto,japan,35.0119831,135.6761135,44,1433-04-08,98
1434,kyoto,japan,35.0119831,135.6761135,44,1434-04-23,113
1435,kyoto,japan,35.0119831,135.6761135,44,1435-04-05,95
1436,kyoto,japan,35.0119831,135.6761135,44,1436-04-10,101
1437,kyoto,japan,35.0119831,135.6761135,44,1437-04-13,103
1438,kyoto,japan,35.0119831,135.6761135,44,1438-04-09,99
1439,kyoto,japan,35.0119831,135.6761135,44,1439-04-11,101
1440,kyoto,japan,35.0119831,135.6761135,44,1440-04-07,98
1441,kyoto,japan,35.0119831,135.6761135,44,1441-04-15,105
1442,kyoto,japan,35.0119831,135.6761135,44,NA,NA
1443,kyoto,japan,35.0119831,135.6761135,44,1443-04-17,107
1444,kyoto,japan,35.0119831,135.6761135,44,1444-04-18,109
1445,kyoto,japan,35.0119831,135.6761135,44,NA,NA
1446,kyoto,japan,35.0119831,135.6761135,44,1446-04-18,108
1447,kyoto,japan,35.0119831,135.6761135,44,1447-04-21,111
1448,kyoto,japan,35.0119831,135.6761135,44,1448-04-05,96
1449,kyoto,japan,35.0119831,135.6761135,44,1449-04-05,95
1450,kyoto,japan,35.0119831,135.6761135,44,1450-04-10,100
1451,kyoto,japan,35.0119831,135.6761135,44,1451-04-13,103
1452,kyoto,japan,35.0119831,135.6761135,44,1452-04-01,92
1453,kyoto,japan,35.0119831,135.6761135,44,1453-04-17,107
1454,kyoto,japan,35.0119831,135.6761135,44,1454-04-15,105
1455,kyoto,japan,35.0119831,135.6761135,44,1455-04-06,96
1456,kyoto,japan,35.0119831,135.6761135,44,1456-04-15,106
1457,kyoto,japan,35.0119831,135.6761135,44,1457-04-15,105
1458,kyoto,japan,35.0119831,135.6761135,44,1458-04-22,112
1459,kyoto,japan,35.0119831,135.6761135,44,1459-04-23,113
1460,kyoto,japan,35.0119831,135.6761135,44,1460-04-20,111
1461,kyoto,japan,35.0119831,135.6761135,44,1461-04-16,106
1462,kyoto,japan,35.0119831,135.6761135,44,1462-04-16,106
1463,kyoto,japan,35.0119831,135.6761135,44,1463-04-11,101
1464,kyoto,japan,35.0119831,135.6761135,44,1464-04-13,104
1465,kyoto,japan,35.0119831,135.6761135,44,1465-04-08,98
1466,kyoto,japan,35.0119831,135.6761135,44,1466-04-15,105
1467,kyoto,japan,35.0119831,135.6761135,44,1467-04-11,101
1468,kyoto,japan,35.0119831,135.6761135,44,1468-04-10,101
1469,kyoto,japan,35.0119831,135.6761135,44,NA,NA
1470,kyoto,japan,35.0119831,135.6761135,44,NA,NA
1471,kyoto,japan,35.0119831,135.6761135,44,NA,NA
1472,kyoto,japan,35.0119831,135.6761135,44,1472-04-23,114
1473,kyoto,japan,35.0119831,135.6761135,44,NA,NA
1474,kyoto,japan,35.0119831,135.6761135,44,1474-04-08,98
1475,kyoto,japan,35.0119831,135.6761135,44,NA,NA
1476,kyoto,japan,35.0119831,135.6761135,44,1476-04-09,100
1477,kyoto,japan,35.0119831,135.6761135,44,1477-04-20,110
1478,kyoto,japan,35.0119831,135.6761135,44,1478-04-25,115
1479,kyoto,japan,35.0119831,135.6761135,44,1479-04-20,110
1480,kyoto,japan,35.0119831,135.6761135,44,1480-04-13,104
1481,kyoto,japan,35.0119831,135.6761135,44,1481-04-16,106
1482,kyoto,japan,35.0119831,135.6761135,44,1482-04-18,108
1483,kyoto,japan,35.0119831,135.6761135,44,1483-04-11,101
1484,kyoto,japan,35.0119831,135.6761135,44,1484-04-06,97
1485,kyoto,japan,35.0119831,135.6761135,44,1485-04-04,94
1486,kyoto,japan,35.0119831,135.6761135,44,1486-04-09,99
1487,kyoto,japan,35.0119831,135.6761135,44,1487-04-03,93
1488,kyoto,japan,35.0119831,135.6761135,44,1488-04-12,103
1489,kyoto,japan,35.0119831,135.6761135,44,1489-04-10,100
1490,kyoto,japan,35.0119831,135.6761135,44,1490-04-07,97
1491,kyoto,japan,35.0119831,135.6761135,44,1491-04-17,107
1492,kyoto,japan,35.0119831,135.6761135,44,1492-04-17,108
1493,kyoto,japan,35.0119831,135.6761135,44,1493-04-10,100
1494,kyoto,japan,35.0119831,135.6761135,44,1494-04-16,106
1495,kyoto,japan,35.0119831,135.6761135,44,1495-04-04,94
1496,kyoto,japan,35.0119831,135.6761135,44,1496-04-06,97
1497,kyoto,japan,35.0119831,135.6761135,44,1497-04-18,108
1498,kyoto,japan,35.0119831,135.6761135,44,1498-04-07,97
1499,kyoto,japan,35.0119831,135.6761135,44,1499-04-21,111
1500,kyoto,japan,35.0119831,135.6761135,44,1500-04-07,97
1501,kyoto,japan,35.0119831,135.6761135,44,1501-04-13,103
1502,kyoto,japan,35.0119831,135.6761135,44,1502-04-25,115
1503,kyoto,japan,35.0119831,135.6761135,44,1503-04-18,108
1504,kyoto,japan,35.0119831,135.6761135,44,1504-04-23,114
1505,kyoto,japan,35.0119831,135.6761135,44,1505-04-16,106
1506,kyoto,japan,35.0119831,135.6761135,44,1506-04-16,106
1507,kyoto,japan,35.0119831,135.6761135,44,1507-04-18,108
1508,kyoto,japan,35.0119831,135.6761135,44,1508-04-20,111
1509,kyoto,japan,35.0119831,135.6761135,44,1509-04-12,102
1510,kyoto,japan,35.0119831,135.6761135,44,1510-04-20,110
1511,kyoto,japan,35.0119831,135.6761135,44,1511-04-21,111
1512,kyoto,japan,35.0119831,135.6761135,44,1512-04-18,109
1513,kyoto,japan,35.0119831,135.6761135,44,1513-04-20,110
1514,kyoto,japan,35.0119831,135.6761135,44,1514-04-15,105
1515,kyoto,japan,35.0119831,135.6761135,44,1515-04-21,111
1516,kyoto,japan,35.0119831,135.6761135,44,1516-04-13,104
1517,kyoto,japan,35.0119831,135.6761135,44,1517-04-16,106
1518,kyoto,japan,35.0119831,135.6761135,44,1518-04-25,115
1519,kyoto,japan,35.0119831,135.6761135,44,1519-04-21,111
1520,kyoto,japan,35.0119831,135.6761135,44,1520-04-14,105
1521,kyoto,japan,35.0119831,135.6761135,44,1521-04-17,107
1522,kyoto,japan,35.0119831,135.6761135,44,1522-04-13,103
1523,kyoto,japan,35.0119831,135.6761135,44,1523-04-19,109
1524,kyoto,japan,35.0119831,135.6761135,44,1524-04-18,109
1525,kyoto,japan,35.0119831,135.6761135,44,1525-04-14,104
1526,kyoto,japan,35.0119831,135.6761135,44,1526-04-23,113
1527,kyoto,japan,35.0119831,135.6761135,44,1527-04-15,105
1528,kyoto,japan,35.0119831,135.6761135,44,1528-04-15,106
1529,kyoto,japan,35.0119831,135.6761135,44,1529-04-17,107
1530,kyoto,japan,35.0119831,135.6761135,44,1530-04-17,107
1531,kyoto,japan,35.0119831,135.6761135,44,1531-04-13,103
1532,kyoto,japan,35.0119831,135.6761135,44,1532-04-17,108
1533,kyoto,japan,35.0119831,135.6761135,44,1533-04-21,111
1534,kyoto,japan,35.0119831,135.6761135,44,1534-04-18,108
1535,kyoto,japan,35.0119831,135.6761135,44,1535-04-05,95
1536,kyoto,japan,35.0119831,135.6761135,44,1536-04-17,108
1537,kyoto,japan,35.0119831,135.6761135,44,1537-04-18,108
1538,kyoto,japan,35.0119831,135.6761135,44,1538-04-22,112
1539,kyoto,japan,35.0119831,135.6761135,44,1539-04-30,120
1540,kyoto,japan,35.0119831,135.6761135,44,1540-05-01,122
1541,kyoto,japan,35.0119831,135.6761135,44,1541-04-19,109
1542,kyoto,japan,35.0119831,135.6761135,44,1542-04-12,102
1543,kyoto,japan,35.0119831,135.6761135,44,1543-04-29,119
1544,kyoto,japan,35.0119831,135.6761135,44,1544-04-16,107
1545,kyoto,japan,35.0119831,135.6761135,44,1545-04-07,97
1546,kyoto,japan,35.0119831,135.6761135,44,1546-04-22,112
1547,kyoto,japan,35.0119831,135.6761135,44,1547-04-14,104
1548,kyoto,japan,35.0119831,135.6761135,44,1548-04-27,118
1549,kyoto,japan,35.0119831,135.6761135,44,1549-04-27,117
1550,kyoto,japan,35.0119831,135.6761135,44,1550-04-21,111
1551,kyoto,japan,35.0119831,135.6761135,44,1551-04-19,109
1552,kyoto,japan,35.0119831,135.6761135,44,1552-04-13,104
1553,kyoto,japan,35.0119831,135.6761135,44,1553-04-29,119
1554,kyoto,japan,35.0119831,135.6761135,44,NA,NA
1555,kyoto,japan,35.0119831,135.6761135,44,1555-04-11,101
1556,kyoto,japan,35.0119831,135.6761135,44,1556-04-29,120
1557,kyoto,japan,35.0119831,135.6761135,44,1557-04-03,93
1558,kyoto,japan,35.0119831,135.6761135,44,1558-04-21,111
1559,kyoto,japan,35.0119831,135.6761135,44,1559-04-06,96
1560,kyoto,japan,35.0119831,135.6761135,44,1560-04-09,100
1561,kyoto,japan,35.0119831,135.6761135,44,1561-04-12,102
1562,kyoto,japan,35.0119831,135.6761135,44,1562-04-09,99
1563,kyoto,japan,35.0119831,135.6761135,44,1563-04-09,99
1564,kyoto,japan,35.0119831,135.6761135,44,1564-04-18,109
1565,kyoto,japan,35.0119831,135.6761135,44,1565-04-24,114
1566,kyoto,japan,35.0119831,135.6761135,44,1566-04-07,97
1567,kyoto,japan,35.0119831,135.6761135,44,1567-04-18,108
1568,kyoto,japan,35.0119831,135.6761135,44,1568-04-15,106
1569,kyoto,japan,35.0119831,135.6761135,44,NA,NA
1570,kyoto,japan,35.0119831,135.6761135,44,1570-04-22,112
1571,kyoto,japan,35.0119831,135.6761135,44,1571-04-18,108
1572,kyoto,japan,35.0119831,135.6761135,44,1572-04-16,107
1573,kyoto,japan,35.0119831,135.6761135,44,NA,NA
1574,kyoto,japan,35.0119831,135.6761135,44,1574-04-08,98
1575,kyoto,japan,35.0119831,135.6761135,44,NA,NA
1576,kyoto,japan,35.0119831,135.6761135,44,1576-04-18,109
1577,kyoto,japan,35.0119831,135.6761135,44,1577-04-10,100
1578,kyoto,japan,35.0119831,135.6761135,44,NA,NA
1579,kyoto,japan,35.0119831,135.6761135,44,1579-04-12,102
1580,kyoto,japan,35.0119831,135.6761135,44,1580-04-06,97
1581,kyoto,japan,35.0119831,135.6761135,44,1581-04-15,105
1582,kyoto,japan,35.0119831,135.6761135,44,NA,NA
1583,kyoto,japan,35.0119831,135.6761135,44,1583-04-18,108
1584,kyoto,japan,35.0119831,135.6761135,44,1584-04-15,106
1585,kyoto,japan,35.0119831,135.6761135,44,1585-04-15,105
1586,kyoto,japan,35.0119831,135.6761135,44,1586-04-16,106
1587,kyoto,japan,35.0119831,135.6761135,44,1587-04-15,105
1588,kyoto,japan,35.0119831,135.6761135,44,1588-04-15,106
1589,kyoto,japan,35.0119831,135.6761135,44,1589-04-15,105
1590,kyoto,japan,35.0119831,135.6761135,44,1590-04-12,102
1591,kyoto,japan,35.0119831,135.6761135,44,1591-04-04,94
1592,kyoto,japan,35.0119831,135.6761135,44,1592-04-07,98
1593,kyoto,japan,35.0119831,135.6761135,44,1593-04-23,113
1594,kyoto,japan,35.0119831,135.6761135,44,1594-04-03,93
1595,kyoto,japan,35.0119831,135.6761135,44,1595-04-21,111
1596,kyoto,japan,35.0119831,135.6761135,44,1596-04-13,104
1597,kyoto,japan,35.0119831,135.6761135,44,1597-04-24,114
1598,kyoto,japan,35.0119831,135.6761135,44,1598-04-20,110
1599,kyoto,japan,35.0119831,135.6761135,44,1599-04-13,103
1600,kyoto,japan,35.0119831,135.6761135,44,1600-04-10,101
1601,kyoto,japan,35.0119831,135.6761135,44,1601-04-03,93
1602,kyoto,japan,35.0119831,135.6761135,44,1602-04-17,107
1603,kyoto,japan,35.0119831,135.6761135,44,1603-04-09,99
1604,kyoto,japan,35.0119831,135.6761135,44,1604-04-04,95
1605,kyoto,japan,35.0119831,135.6761135,44,1605-04-15,105
1606,kyoto,japan,35.0119831,135.6761135,44,1606-04-16,106
1607,kyoto,japan,35.0119831,135.6761135,44,1607-04-20,110
1608,kyoto,japan,35.0119831,135.6761135,44,NA,NA
1609,kyoto,japan,35.0119831,135.6761135,44,1609-04-18,108
1610,kyoto,japan,35.0119831,135.6761135,44,1610-04-20,110
1611,kyoto,japan,35.0119831,135.6761135,44,NA,NA
1612,kyoto,japan,35.0119831,135.6761135,44,1612-03-27,87
1613,kyoto,japan,35.0119831,135.6761135,44,1613-04-16,106
1614,kyoto,japan,35.0119831,135.6761135,44,1614-04-13,103
1615,kyoto,japan,35.0119831,135.6761135,44,1615-04-20,110
1616,kyoto,japan,35.0119831,135.6761135,44,1616-05-01,122
1617,kyoto,japan,35.0119831,135.6761135,44,1617-04-17,107
1618,kyoto,japan,35.0119831,135.6761135,44,1618-04-12,102
1619,kyoto,japan,35.0119831,135.6761135,44,1619-04-03,93
1620,kyoto,japan,35.0119831,135.6761135,44,NA,NA
1621,kyoto,japan,35.0119831,135.6761135,44,1621-04-19,109
1622,kyoto,japan,35.0119831,135.6761135,44,1622-04-16,106
1623,kyoto,japan,35.0119831,135.6761135,44,1623-04-23,113
1624,kyoto,japan,35.0119831,135.6761135,44,1624-04-21,112
1625,kyoto,japan,35.0119831,135.6761135,44,1625-04-05,95
1626,kyoto,japan,35.0119831,135.6761135,44,1626-04-10,100
1627,kyoto,japan,35.0119831,135.6761135,44,NA,NA
1628,kyoto,japan,35.0119831,135.6761135,44,1628-04-13,104
1629,kyoto,japan,35.0119831,135.6761135,44,1629-04-22,112
1630,kyoto,japan,35.0119831,135.6761135,44,NA,NA
1631,kyoto,japan,35.0119831,135.6761135,44,NA,NA
1632,kyoto,japan,35.0119831,135.6761135,44,1632-04-13,104
1633,kyoto,japan,35.0119831,135.6761135,44,1633-04-08,98
1634,kyoto,japan,35.0119831,135.6761135,44,1634-04-06,96
1635,kyoto,japan,35.0119831,135.6761135,44,1635-04-07,97
1636,kyoto,japan,35.0119831,135.6761135,44,NA,NA
1637,kyoto,japan,35.0119831,135.6761135,44,1637-04-15,105
1638,kyoto,japan,35.0119831,135.6761135,44,1638-04-15,105
1639,kyoto,japan,35.0119831,135.6761135,44,1639-04-18,108
1640,kyoto,japan,35.0119831,135.6761135,44,1640-04-12,103
1641,kyoto,japan,35.0119831,135.6761135,44,1641-04-27,117
1642,kyoto,japan,35.0119831,135.6761135,44,1642-04-24,114
1643,kyoto,japan,35.0119831,135.6761135,44,1643-04-24,114
1644,kyoto,japan,35.0119831,135.6761135,44,1644-04-14,105
1645,kyoto,japan,35.0119831,135.6761135,44,1645-04-09,99
1646,kyoto,japan,35.0119831,135.6761135,44,1646-03-28,87
1647,kyoto,japan,35.0119831,135.6761135,44,1647-04-22,112
1648,kyoto,japan,35.0119831,135.6761135,44,NA,NA
1649,kyoto,japan,35.0119831,135.6761135,44,1649-04-14,104
1650,kyoto,japan,35.0119831,135.6761135,44,1650-04-12,102
1651,kyoto,japan,35.0119831,135.6761135,44,1651-04-17,107
1652,kyoto,japan,35.0119831,135.6761135,44,1652-04-16,107
1653,kyoto,japan,35.0119831,135.6761135,44,1653-04-22,112
1654,kyoto,japan,35.0119831,135.6761135,44,1654-04-14,104
1655,kyoto,japan,35.0119831,135.6761135,44,1655-04-14,104
1656,kyoto,japan,35.0119831,135.6761135,44,1656-04-12,103
1657,kyoto,japan,35.0119831,135.6761135,44,NA,NA
1658,kyoto,japan,35.0119831,135.6761135,44,1658-04-18,108
1659,kyoto,japan,35.0119831,135.6761135,44,NA,NA
1660,kyoto,japan,35.0119831,135.6761135,44,1660-04-20,111
1661,kyoto,japan,35.0119831,135.6761135,44,1661-04-03,93
1662,kyoto,japan,35.0119831,135.6761135,44,1662-04-20,110
1663,kyoto,japan,35.0119831,135.6761135,44,1663-04-15,105
1664,kyoto,japan,35.0119831,135.6761135,44,1664-04-14,105
1665,kyoto,japan,35.0119831,135.6761135,44,1665-04-22,112
1666,kyoto,japan,35.0119831,135.6761135,44,1666-04-18,108
1667,kyoto,japan,35.0119831,135.6761135,44,1667-04-22,112
1668,kyoto,japan,35.0119831,135.6761135,44,1668-04-19,110
1669,kyoto,japan,35.0119831,135.6761135,44,1669-04-14,104
1670,kyoto,japan,35.0119831,135.6761135,44,1670-04-12,102
1671,kyoto,japan,35.0119831,135.6761135,44,1671-04-26,116
1672,kyoto,japan,35.0119831,135.6761135,44,1672-04-21,112
1673,kyoto,japan,35.0119831,135.6761135,44,1673-04-15,105
1674,kyoto,japan,35.0119831,135.6761135,44,1674-04-25,115
1675,kyoto,japan,35.0119831,135.6761135,44,1675-04-21,111
1676,kyoto,japan,35.0119831,135.6761135,44,1676-04-12,103
1677,kyoto,japan,35.0119831,135.6761135,44,1677-04-06,96
1678,kyoto,japan,35.0119831,135.6761135,44,1678-04-19,109
1679,kyoto,japan,35.0119831,135.6761135,44,1679-04-24,114
1680,kyoto,japan,35.0119831,135.6761135,44,1680-04-18,109
1681,kyoto,japan,35.0119831,135.6761135,44,1681-04-20,110
1682,kyoto,japan,35.0119831,135.6761135,44,1682-04-14,104
1683,kyoto,japan,35.0119831,135.6761135,44,1683-04-18,108
1684,kyoto,japan,35.0119831,135.6761135,44,1684-04-27,118
1685,kyoto,japan,35.0119831,135.6761135,44,1685-04-16,106
1686,kyoto,japan,35.0119831,135.6761135,44,1686-04-14,104
1687,kyoto,japan,35.0119831,135.6761135,44,1687-04-14,104
1688,kyoto,japan,35.0119831,135.6761135,44,1688-04-23,114
1689,kyoto,japan,35.0119831,135.6761135,44,1689-04-07,97
1690,kyoto,japan,35.0119831,135.6761135,44,1690-04-03,93
1691,kyoto,japan,35.0119831,135.6761135,44,1691-04-13,103
1692,kyoto,japan,35.0119831,135.6761135,44,1692-04-18,109
1693,kyoto,japan,35.0119831,135.6761135,44,1693-04-17,107
1694,kyoto,japan,35.0119831,135.6761135,44,1694-04-19,109
1695,kyoto,japan,35.0119831,135.6761135,44,1695-04-30,120
1696,kyoto,japan,35.0119831,135.6761135,44,1696-04-23,114
1697,kyoto,japan,35.0119831,135.6761135,44,1697-04-21,111
1698,kyoto,japan,35.0119831,135.6761135,44,1698-04-11,101
1699,kyoto,japan,35.0119831,135.6761135,44,1699-04-07,97
1700,kyoto,japan,35.0119831,135.6761135,44,1700-04-26,116
1701,kyoto,japan,35.0119831,135.6761135,44,1701-04-22,112
1702,kyoto,japan,35.0119831,135.6761135,44,1702-04-26,116
1703,kyoto,japan,35.0119831,135.6761135,44,1703-04-13,103
1704,kyoto,japan,35.0119831,135.6761135,44,1704-04-22,113
1705,kyoto,japan,35.0119831,135.6761135,44,1705-04-19,109
1706,kyoto,japan,35.0119831,135.6761135,44,1706-04-25,115
1707,kyoto,japan,35.0119831,135.6761135,44,1707-04-21,111
1708,kyoto,japan,35.0119831,135.6761135,44,1708-04-12,103
1709,kyoto,japan,35.0119831,135.6761135,44,1709-04-16,106
1710,kyoto,japan,35.0119831,135.6761135,44,NA,NA
1711,kyoto,japan,35.0119831,135.6761135,44,NA,NA
1712,kyoto,japan,35.0119831,135.6761135,44,NA,NA
1713,kyoto,japan,35.0119831,135.6761135,44,1713-04-14,104
1714,kyoto,japan,35.0119831,135.6761135,44,1714-04-18,108
1715,kyoto,japan,35.0119831,135.6761135,44,1715-04-17,107
1716,kyoto,japan,35.0119831,135.6761135,44,1716-04-19,110
1717,kyoto,japan,35.0119831,135.6761135,44,1717-04-08,98
1718,kyoto,japan,35.0119831,135.6761135,44,1718-04-12,102
1719,kyoto,japan,35.0119831,135.6761135,44,1719-04-12,102
1720,kyoto,japan,35.0119831,135.6761135,44,1720-04-23,114
1721,kyoto,japan,35.0119831,135.6761135,44,1721-04-05,95
1722,kyoto,japan,35.0119831,135.6761135,44,1722-04-10,100
1723,kyoto,japan,35.0119831,135.6761135,44,1723-04-14,104
1724,kyoto,japan,35.0119831,135.6761135,44,1724-04-08,99
1725,kyoto,japan,35.0119831,135.6761135,44,1725-04-16,106
1726,kyoto,japan,35.0119831,135.6761135,44,1726-04-26,116
1727,kyoto,japan,35.0119831,135.6761135,44,1727-04-22,112
1728,kyoto,japan,35.0119831,135.6761135,44,1728-04-13,104
1729,kyoto,japan,35.0119831,135.6761135,44,1729-04-15,105
1730,kyoto,japan,35.0119831,135.6761135,44,NA,NA
1731,kyoto,japan,35.0119831,135.6761135,44,1731-04-14,104
1732,kyoto,japan,35.0119831,135.6761135,44,1732-04-17,108
1733,kyoto,japan,35.0119831,135.6761135,44,1733-04-17,107
1734,kyoto,japan,35.0119831,135.6761135,44,1734-04-12,102
1735,kyoto,japan,35.0119831,135.6761135,44,1735-04-11,101
1736,kyoto,japan,35.0119831,135.6761135,44,1736-04-15,106
1737,kyoto,japan,35.0119831,135.6761135,44,1737-04-03,93
1738,kyoto,japan,35.0119831,135.6761135,44,1738-04-11,101
1739,kyoto,japan,35.0119831,135.6761135,44,1739-04-20,110
1740,kyoto,japan,35.0119831,135.6761135,44,1740-04-24,115
1741,kyoto,japan,35.0119831,135.6761135,44,1741-04-19,109
1742,kyoto,japan,35.0119831,135.6761135,44,1742-04-19,109
1743,kyoto,japan,35.0119831,135.6761135,44,1743-04-18,108
1744,kyoto,japan,35.0119831,135.6761135,44,1744-04-07,98
1745,kyoto,japan,35.0119831,135.6761135,44,1745-04-15,105
1746,kyoto,japan,35.0119831,135.6761135,44,1746-04-20,110
1747,kyoto,japan,35.0119831,135.6761135,44,1747-04-11,101
1748,kyoto,japan,35.0119831,135.6761135,44,1748-04-05,96
1749,kyoto,japan,35.0119831,135.6761135,44,1749-04-10,100
1750,kyoto,japan,35.0119831,135.6761135,44,1750-04-20,110
1751,kyoto,japan,35.0119831,135.6761135,44,1751-04-13,103
1752,kyoto,japan,35.0119831,135.6761135,44,1752-04-19,110
1753,kyoto,japan,35.0119831,135.6761135,44,1753-04-06,96
1754,kyoto,japan,35.0119831,135.6761135,44,1754-04-25,115
1755,kyoto,japan,35.0119831,135.6761135,44,1755-04-30,120
1756,kyoto,japan,35.0119831,135.6761135,44,1756-04-18,109
1757,kyoto,japan,35.0119831,135.6761135,44,1757-04-22,112
1758,kyoto,japan,35.0119831,135.6761135,44,1758-04-11,101
1759,kyoto,japan,35.0119831,135.6761135,44,1759-04-19,109
1760,kyoto,japan,35.0119831,135.6761135,44,1760-04-12,103
1761,kyoto,japan,35.0119831,135.6761135,44,1761-03-30,89
1762,kyoto,japan,35.0119831,135.6761135,44,1762-04-16,106
1763,kyoto,japan,35.0119831,135.6761135,44,1763-04-22,112
1764,kyoto,japan,35.0119831,135.6761135,44,1764-04-07,98
1765,kyoto,japan,35.0119831,135.6761135,44,1765-04-16,106
1766,kyoto,japan,35.0119831,135.6761135,44,1766-04-23,113
1767,kyoto,japan,35.0119831,135.6761135,44,1767-04-11,101
1768,kyoto,japan,35.0119831,135.6761135,44,1768-04-26,117
1769,kyoto,japan,35.0119831,135.6761135,44,1769-04-15,105
1770,kyoto,japan,35.0119831,135.6761135,44,1770-04-15,105
1771,kyoto,japan,35.0119831,135.6761135,44,1771-04-14,104
1772,kyoto,japan,35.0119831,135.6761135,44,1772-04-15,106
1773,kyoto,japan,35.0119831,135.6761135,44,1773-04-10,100
1774,kyoto,japan,35.0119831,135.6761135,44,1774-04-20,110
1775,kyoto,japan,35.0119831,135.6761135,44,1775-04-09,99
1776,kyoto,japan,35.0119831,135.6761135,44,1776-04-17,108
1777,kyoto,japan,35.0119831,135.6761135,44,1777-04-14,104
1778,kyoto,japan,35.0119831,135.6761135,44,1778-04-21,111
1779,kyoto,japan,35.0119831,135.6761135,44,1779-04-06,96
1780,kyoto,japan,35.0119831,135.6761135,44,1780-04-18,109
1781,kyoto,japan,35.0119831,135.6761135,44,1781-04-01,91
1782,kyoto,japan,35.0119831,135.6761135,44,1782-04-19,109
1783,kyoto,japan,35.0119831,135.6761135,44,1783-04-13,103
1784,kyoto,japan,35.0119831,135.6761135,44,1784-04-14,105
1785,kyoto,japan,35.0119831,135.6761135,44,1785-04-18,108
1786,kyoto,japan,35.0119831,135.6761135,44,1786-04-16,106
1787,kyoto,japan,35.0119831,135.6761135,44,1787-04-15,105
1788,kyoto,japan,35.0119831,135.6761135,44,1788-04-18,109
1789,kyoto,japan,35.0119831,135.6761135,44,1789-04-16,106
1790,kyoto,japan,35.0119831,135.6761135,44,1790-04-29,119
1791,kyoto,japan,35.0119831,135.6761135,44,1791-04-09,99
1792,kyoto,japan,35.0119831,135.6761135,44,1792-04-10,101
1793,kyoto,japan,35.0119831,135.6761135,44,1793-04-16,106
1794,kyoto,japan,35.0119831,135.6761135,44,1794-04-14,104
1795,kyoto,japan,35.0119831,135.6761135,44,1795-04-23,113
1796,kyoto,japan,35.0119831,135.6761135,44,1796-04-12,103
1797,kyoto,japan,35.0119831,135.6761135,44,1797-04-07,97
1798,kyoto,japan,35.0119831,135.6761135,44,1798-04-20,110
1799,kyoto,japan,35.0119831,135.6761135,44,1799-04-13,103
1800,kyoto,japan,35.0119831,135.6761135,44,1800-04-13,103
1801,kyoto,japan,35.0119831,135.6761135,44,1801-04-15,105
1802,kyoto,japan,35.0119831,135.6761135,44,1802-04-06,96
1803,kyoto,japan,35.0119831,135.6761135,44,1803-04-20,110
1804,kyoto,japan,35.0119831,135.6761135,44,1804-04-13,104
1805,kyoto,japan,35.0119831,135.6761135,44,1805-04-03,93
1806,kyoto,japan,35.0119831,135.6761135,44,1806-04-24,114
1807,kyoto,japan,35.0119831,135.6761135,44,1807-04-26,116
1808,kyoto,japan,35.0119831,135.6761135,44,1808-04-07,98
1809,kyoto,japan,35.0119831,135.6761135,44,1809-04-17,107
1810,kyoto,japan,35.0119831,135.6761135,44,1810-04-10,100
1811,kyoto,japan,35.0119831,135.6761135,44,1811-04-20,110
1812,kyoto,japan,35.0119831,135.6761135,44,1812-04-29,120
1813,kyoto,japan,35.0119831,135.6761135,44,1813-04-17,107
1814,kyoto,japan,35.0119831,135.6761135,44,1814-04-23,113
1815,kyoto,japan,35.0119831,135.6761135,44,1815-04-21,111
1816,kyoto,japan,35.0119831,135.6761135,44,1816-04-12,103
1817,kyoto,japan,35.0119831,135.6761135,44,1817-04-20,110
1818,kyoto,japan,35.0119831,135.6761135,44,1818-04-16,106
1819,kyoto,japan,35.0119831,135.6761135,44,1819-04-16,106
1820,kyoto,japan,35.0119831,135.6761135,44,1820-04-04,95
1821,kyoto,japan,35.0119831,135.6761135,44,1821-04-19,109
1822,kyoto,japan,35.0119831,135.6761135,44,1822-04-12,102
1823,kyoto,japan,35.0119831,135.6761135,44,1823-04-16,106
1824,kyoto,japan,35.0119831,135.6761135,44,1824-04-17,108
1825,kyoto,japan,35.0119831,135.6761135,44,1825-04-24,114
1826,kyoto,japan,35.0119831,135.6761135,44,1826-04-19,109
1827,kyoto,japan,35.0119831,135.6761135,44,1827-04-10,100
1828,kyoto,japan,35.0119831,135.6761135,44,1828-04-22,113
1829,kyoto,japan,35.0119831,135.6761135,44,1829-04-22,112
1830,kyoto,japan,35.0119831,135.6761135,44,1830-04-15,105
1831,kyoto,japan,35.0119831,135.6761135,44,1831-04-24,114
1832,kyoto,japan,35.0119831,135.6761135,44,1832-04-22,113
1833,kyoto,japan,35.0119831,135.6761135,44,1833-04-17,107
1834,kyoto,japan,35.0119831,135.6761135,44,1834-04-21,111
1835,kyoto,japan,35.0119831,135.6761135,44,1835-04-22,112
1836,kyoto,japan,35.0119831,135.6761135,44,1836-04-21,112
1837,kyoto,japan,35.0119831,135.6761135,44,1837-04-21,111
1838,kyoto,japan,35.0119831,135.6761135,44,1838-04-19,109
1839,kyoto,japan,35.0119831,135.6761135,44,1839-04-30,120
1840,kyoto,japan,35.0119831,135.6761135,44,1840-04-14,105
1841,kyoto,japan,35.0119831,135.6761135,44,1841-04-17,107
1842,kyoto,japan,35.0119831,135.6761135,44,1842-04-06,96
1843,kyoto,japan,35.0119831,135.6761135,44,1843-04-16,106
1844,kyoto,japan,35.0119831,135.6761135,44,1844-04-15,106
1845,kyoto,japan,35.0119831,135.6761135,44,1845-04-12,102
1846,kyoto,japan,35.0119831,135.6761135,44,1846-04-08,98
1847,kyoto,japan,35.0119831,135.6761135,44,1847-04-17,107
1848,kyoto,japan,35.0119831,135.6761135,44,1848-04-11,102
1849,kyoto,japan,35.0119831,135.6761135,44,1849-04-10,100
1850,kyoto,japan,35.0119831,135.6761135,44,1850-04-19,109
1851,kyoto,japan,35.0119831,135.6761135,44,1851-04-12,102
1852,kyoto,japan,35.0119831,135.6761135,44,1852-04-22,113
1853,kyoto,japan,35.0119831,135.6761135,44,1853-04-12,102
1854,kyoto,japan,35.0119831,135.6761135,44,1854-04-12,102
1855,kyoto,japan,35.0119831,135.6761135,44,1855-04-11,101
1856,kyoto,japan,35.0119831,135.6761135,44,1856-04-20,111
1857,kyoto,japan,35.0119831,135.6761135,44,1857-04-18,108
1858,kyoto,japan,35.0119831,135.6761135,44,1858-04-14,104
1859,kyoto,japan,35.0119831,135.6761135,44,1859-04-20,110
1860,kyoto,japan,35.0119831,135.6761135,44,1860-04-22,113
1861,kyoto,japan,35.0119831,135.6761135,44,1861-04-10,100
1862,kyoto,japan,35.0119831,135.6761135,44,1862-04-27,117
1863,kyoto,japan,35.0119831,135.6761135,44,1863-04-28,118
1864,kyoto,japan,35.0119831,135.6761135,44,1864-04-14,105
1865,kyoto,japan,35.0119831,135.6761135,44,1865-04-07,97
1866,kyoto,japan,35.0119831,135.6761135,44,1866-04-12,102
1867,kyoto,japan,35.0119831,135.6761135,44,1867-04-11,101
1868,kyoto,japan,35.0119831,135.6761135,44,1868-04-13,104
1869,kyoto,japan,35.0119831,135.6761135,44,1869-04-15,105
1870,kyoto,japan,35.0119831,135.6761135,44,1870-04-09,99
1871,kyoto,japan,35.0119831,135.6761135,44,1871-04-14,104
1872,kyoto,japan,35.0119831,135.6761135,44,NA,NA
1873,kyoto,japan,35.0119831,135.6761135,44,1873-04-14,104
1874,kyoto,japan,35.0119831,135.6761135,44,1874-04-17,107
1875,kyoto,japan,35.0119831,135.6761135,44,1875-04-13,103
1876,kyoto,japan,35.0119831,135.6761135,44,1876-04-20,111
1877,kyoto,japan,35.0119831,135.6761135,44,1877-04-14,104
1878,kyoto,japan,35.0119831,135.6761135,44,1878-04-11,101
1879,kyoto,japan,35.0119831,135.6761135,44,1879-04-12,102
1880,kyoto,japan,35.0119831,135.6761135,44,1880-04-19,110
1881,kyoto,japan,35.0119831,135.6761135,44,1881-04-22,112
1882,kyoto,japan,35.0119831,135.6761135,44,1882-04-07,97
1883,kyoto,japan,35.0119831,135.6761135,44,1883-04-17,107
1884,kyoto,japan,35.0119831,135.6761135,44,1884-04-18,109
1885,kyoto,japan,35.0119831,135.6761135,44,1885-04-23,113
1886,kyoto,japan,35.0119831,135.6761135,44,1886-04-18,108
1887,kyoto,japan,35.0119831,135.6761135,44,1887-04-19,109
1888,kyoto,japan,35.0119831,135.6761135,44,1888-04-16,107
1889,kyoto,japan,35.0119831,135.6761135,44,1889-04-19,109
1890,kyoto,japan,35.0119831,135.6761135,44,1890-04-08,98
1891,kyoto,japan,35.0119831,135.6761135,44,1891-04-09,99
1892,kyoto,japan,35.0119831,135.6761135,44,1892-04-24,115
1893,kyoto,japan,35.0119831,135.6761135,44,1893-04-19,109
1894,kyoto,japan,35.0119831,135.6761135,44,1894-04-08,98
1895,kyoto,japan,35.0119831,135.6761135,44,NA,NA
1896,kyoto,japan,35.0119831,135.6761135,44,1896-04-15,106
1897,kyoto,japan,35.0119831,135.6761135,44,1897-04-16,106
1898,kyoto,japan,35.0119831,135.6761135,44,1898-04-18,108
1899,kyoto,japan,35.0119831,135.6761135,44,1899-04-09,99
1900,kyoto,japan,35.0119831,135.6761135,44,1900-04-12,102
1901,kyoto,japan,35.0119831,135.6761135,44,1901-04-12,102
1902,kyoto,japan,35.0119831,135.6761135,44,1902-04-08,98
1903,kyoto,japan,35.0119831,135.6761135,44,1903-04-09,99
1904,kyoto,japan,35.0119831,135.6761135,44,1904-04-17,108
1905,kyoto,japan,35.0119831,135.6761135,44,1905-04-15,105
1906,kyoto,japan,35.0119831,135.6761135,44,1906-04-15,105
1907,kyoto,japan,35.0119831,135.6761135,44,1907-04-13,103
1908,kyoto,japan,35.0119831,135.6761135,44,1908-04-11,102
1909,kyoto,japan,35.0119831,135.6761135,44,1909-04-18,108
1910,kyoto,japan,35.0119831,135.6761135,44,1910-04-14,104
1911,kyoto,japan,35.0119831,135.6761135,44,1911-04-08,98
1912,kyoto,japan,35.0119831,135.6761135,44,1912-04-14,105
1913,kyoto,japan,35.0119831,135.6761135,44,1913-04-13,103
1914,kyoto,japan,35.0119831,135.6761135,44,1914-04-12,102
1915,kyoto,japan,35.0119831,135.6761135,44,1915-04-12,102
1916,kyoto,japan,35.0119831,135.6761135,44,1916-04-21,112
1917,kyoto,japan,35.0119831,135.6761135,44,1917-04-13,103
1918,kyoto,japan,35.0119831,135.6761135,44,1918-04-14,104
1919,kyoto,japan,35.0119831,135.6761135,44,NA,NA
1920,kyoto,japan,35.0119831,135.6761135,44,1920-04-13,104
1921,kyoto,japan,35.0119831,135.6761135,44,NA,NA
1922,kyoto,japan,35.0119831,135.6761135,44,1922-04-11,101
1923,kyoto,japan,35.0119831,135.6761135,44,1923-04-07,97
1924,kyoto,japan,35.0119831,135.6761135,44,1924-04-20,111
1925,kyoto,japan,35.0119831,135.6761135,44,1925-04-18,108
1926,kyoto,japan,35.0119831,135.6761135,44,1926-04-18,108
1927,kyoto,japan,35.0119831,135.6761135,44,1927-04-17,107
1928,kyoto,japan,35.0119831,135.6761135,44,1928-04-16,107
1929,kyoto,japan,35.0119831,135.6761135,44,1929-04-13,103
1930,kyoto,japan,35.0119831,135.6761135,44,1930-04-05,95
1931,kyoto,japan,35.0119831,135.6761135,44,1931-04-15,105
1932,kyoto,japan,35.0119831,135.6761135,44,1932-04-14,105
1933,kyoto,japan,35.0119831,135.6761135,44,1933-04-16,106
1934,kyoto,japan,35.0119831,135.6761135,44,1934-04-14,104
1935,kyoto,japan,35.0119831,135.6761135,44,1935-04-12,102
1936,kyoto,japan,35.0119831,135.6761135,44,1936-04-20,111
1937,kyoto,japan,35.0119831,135.6761135,44,1937-04-10,100
1938,kyoto,japan,35.0119831,135.6761135,44,1938-04-08,98
1939,kyoto,japan,35.0119831,135.6761135,44,1939-04-14,104
1940,kyoto,japan,35.0119831,135.6761135,44,1940-04-19,110
1941,kyoto,japan,35.0119831,135.6761135,44,1941-04-10,100
1942,kyoto,japan,35.0119831,135.6761135,44,1942-04-06,96
1943,kyoto,japan,35.0119831,135.6761135,44,1943-04-11,101
1944,kyoto,japan,35.0119831,135.6761135,44,1944-04-09,100
1945,kyoto,japan,35.0119831,135.6761135,44,NA,NA
1946,kyoto,japan,35.0119831,135.6761135,44,1946-04-07,97
1947,kyoto,japan,35.0119831,135.6761135,44,1947-04-17,107
1948,kyoto,japan,35.0119831,135.6761135,44,1948-04-11,102
1949,kyoto,japan,35.0119831,135.6761135,44,1949-04-17,107
1950,kyoto,japan,35.0119831,135.6761135,44,1950-04-09,99
1951,kyoto,japan,35.0119831,135.6761135,44,1951-04-08,98
1952,kyoto,japan,35.0119831,135.6761135,44,1952-04-14,105
1953,kyoto,japan,35.0119831,135.6761135,44,1953-04-11,101
1954,kyoto,japan,35.0119831,135.6761135,44,1954-04-08,98
1955,kyoto,japan,35.0119831,135.6761135,44,1955-04-07,97
1956,kyoto,japan,35.0119831,135.6761135,44,1956-04-08,99
1957,kyoto,japan,35.0119831,135.6761135,44,1957-04-13,103
1958,kyoto,japan,35.0119831,135.6761135,44,1958-04-09,99
1959,kyoto,japan,35.0119831,135.6761135,44,1959-04-02,92
1960,kyoto,japan,35.0119831,135.6761135,44,1960-04-04,95
1961,kyoto,japan,35.0119831,135.6761135,44,1961-04-09,99
1962,kyoto,japan,35.0119831,135.6761135,44,1962-04-12,102
1963,kyoto,japan,35.0119831,135.6761135,44,1963-04-11,101
1964,kyoto,japan,35.0119831,135.6761135,44,1964-04-08,99
1965,kyoto,japan,35.0119831,135.6761135,44,1965-04-20,110
1966,kyoto,japan,35.0119831,135.6761135,44,1966-04-07,97
1967,kyoto,japan,35.0119831,135.6761135,44,1967-04-07,97
1968,kyoto,japan,35.0119831,135.6761135,44,1968-04-08,99
1969,kyoto,japan,35.0119831,135.6761135,44,1969-04-11,101
1970,kyoto,japan,35.0119831,135.6761135,44,1970-04-17,107
1971,kyoto,japan,35.0119831,135.6761135,44,1971-04-08,98
1972,kyoto,japan,35.0119831,135.6761135,44,1972-04-08,99
1973,kyoto,japan,35.0119831,135.6761135,44,1973-04-07,97
1974,kyoto,japan,35.0119831,135.6761135,44,1974-04-09,99
1975,kyoto,japan,35.0119831,135.6761135,44,1975-04-10,100
1976,kyoto,japan,35.0119831,135.6761135,44,1976-04-08,99
1977,kyoto,japan,35.0119831,135.6761135,44,1977-04-03,93
1978,kyoto,japan,35.0119831,135.6761135,44,1978-04-14,104
1979,kyoto,japan,35.0119831,135.6761135,44,1979-04-07,97
1980,kyoto,japan,35.0119831,135.6761135,44,1980-04-11,102
1981,kyoto,japan,35.0119831,135.6761135,44,1981-04-09,99
1982,kyoto,japan,35.0119831,135.6761135,44,1982-04-03,93
1983,kyoto,japan,35.0119831,135.6761135,44,1983-04-09,99
1984,kyoto,japan,35.0119831,135.6761135,44,1984-04-18,109
1985,kyoto,japan,35.0119831,135.6761135,44,1985-04-09,99
1986,kyoto,japan,35.0119831,135.6761135,44,1986-04-12,102
1987,kyoto,japan,35.0119831,135.6761135,44,1987-04-05,95
1988,kyoto,japan,35.0119831,135.6761135,44,1988-04-15,106
1989,kyoto,japan,35.0119831,135.6761135,44,1989-04-03,93
1990,kyoto,japan,35.0119831,135.6761135,44,1990-03-29,88
1991,kyoto,japan,35.0119831,135.6761135,44,1991-04-07,97
1992,kyoto,japan,35.0119831,135.6761135,44,1992-04-03,94
1993,kyoto,japan,35.0119831,135.6761135,44,1993-04-07,97
1994,kyoto,japan,35.0119831,135.6761135,44,1994-04-09,99
1995,kyoto,japan,35.0119831,135.6761135,44,1995-04-09,99
1996,kyoto,japan,35.0119831,135.6761135,44,1996-04-12,103
1997,kyoto,japan,35.0119831,135.6761135,44,1997-04-07,97
1998,kyoto,japan,35.0119831,135.6761135,44,1998-04-01,91
1999,kyoto,japan,35.0119831,135.6761135,44,1999-04-04,94
2000,kyoto,japan,35.0119831,135.6761135,44,2000-04-09,100
2001,kyoto,japan,35.0119831,135.6761135,44,2001-04-06,96
2002,kyoto,japan,35.0119831,135.6761135,44,2002-04-01,91
2003,kyoto,japan,35.0119831,135.6761135,44,2003-04-08,98
2004,kyoto,japan,35.0119831,135.6761135,44,2004-04-01,92
2005,kyoto,japan,35.0119831,135.6761135,44,2005-04-09,99
2006,kyoto,japan,35.0119831,135.6761135,44,2006-04-08,98
2007,kyoto,japan,35.0119831,135.6761135,44,2007-04-07,97
2008,kyoto,japan,35.0119831,135.6761135,44,2008-04-04,95
2009,kyoto,japan,35.0119831,135.6761135,44,2009-04-05,95
2010,kyoto,japan,35.0119831,135.6761135,44,2010-04-05,95
2011,kyoto,japan,35.0119831,135.6761135,44,2011-04-09,99
2012,kyoto,japan,35.0119831,135.6761135,44,2012-04-10,101
2013,kyoto,japan,35.0119831,135.6761135,44,2013-04-03,93
2014,kyoto,japan,35.0119831,135.6761135,44,2014-04-04,94
2015,kyoto,japan,35.0119831,135.6761135,44,2015-04-03,93
2016,kyoto,japan,35.0119831,135.6761135,44,2016-04-04,95
2017,kyoto,japan,35.0119831,135.6761135,44,2017-04-09,99
2018,kyoto,japan,35.0119831,135.6761135,44,2018-03-30,89
2019,kyoto,japan,35.0119831,135.6761135,44,2019-04-05,95
2020,kyoto,japan,35.0119831,135.6761135,44,2020-04-01,92
2021,kyoto,japan,35.0119831,135.6761135,44,2021-03-26,85
2022,kyoto,japan,35.0119831,135.6761135,44,2022-04-01,91
2023,kyoto,japan,35.0119831,135.6761135,44,2023-03-25,84
2024,kyoto,japan,35.0119831,135.6761135,44,2024-04-04,95
1894,liestal,switzerland,47.4814,7.730519,350,1894-04-16,106
1895,liestal,switzerland,47.4814,7.730519,350,1895-04-17,107
1896,liestal,switzerland,47.4814,7.730519,350,1896-04-16,107
1897,liestal,switzerland,47.4814,7.730519,350,1897-03-27,86
1898,liestal,switzerland,47.4814,7.730519,350,1898-04-16,106
1899,liestal,switzerland,47.4814,7.730519,350,1899-04-03,93
1900,liestal,switzerland,47.4814,7.730519,350,1900-04-23,114
1901,liestal,switzerland,47.4814,7.730519,350,1901-04-23,113
1902,liestal,switzerland,47.4814,7.730519,350,1902-04-12,102
1903,liestal,switzerland,47.4814,7.730519,350,1903-03-27,86
1904,liestal,switzerland,47.4814,7.730519,350,1904-04-13,104
1905,liestal,switzerland,47.4814,7.730519,350,1905-04-12,102
1906,liestal,switzerland,47.4814,7.730519,350,1906-04-13,103
1907,liestal,switzerland,47.4814,7.730519,350,1907-04-15,105
1908,liestal,switzerland,47.4814,7.730519,350,1908-04-28,119
1909,liestal,switzerland,47.4814,7.730519,350,1909-04-19,109
1910,liestal,switzerland,47.4814,7.730519,350,1910-04-15,105
1911,liestal,switzerland,47.4814,7.730519,350,1911-04-17,107
1912,liestal,switzerland,47.4814,7.730519,350,1912-03-26,86
1913,liestal,switzerland,47.4814,7.730519,350,1913-03-31,90
1914,liestal,switzerland,47.4814,7.730519,350,1914-04-09,99
1915,liestal,switzerland,47.4814,7.730519,350,1915-04-27,117
1916,liestal,switzerland,47.4814,7.730519,350,1916-04-06,97
1917,liestal,switzerland,47.4814,7.730519,350,1917-05-04,124
1918,liestal,switzerland,47.4814,7.730519,350,1918-04-13,103
1919,liestal,switzerland,47.4814,7.730519,350,1919-04-22,112
1920,liestal,switzerland,47.4814,7.730519,350,1920-03-30,90
1921,liestal,switzerland,47.4814,7.730519,350,1921-04-02,92
1922,liestal,switzerland,47.4814,7.730519,350,1922-04-21,111
1923,liestal,switzerland,47.4814,7.730519,350,1923-04-08,98
1924,liestal,switzerland,47.4814,7.730519,350,1924-04-24,115
1925,liestal,switzerland,47.4814,7.730519,350,1925-04-14,104
1926,liestal,switzerland,47.4814,7.730519,350,1926-04-09,99
1927,liestal,switzerland,47.4814,7.730519,350,1927-04-18,108
1928,liestal,switzerland,47.4814,7.730519,350,1928-04-14,105
1929,liestal,switzerland,47.4814,7.730519,350,1929-05-02,122
1930,liestal,switzerland,47.4814,7.730519,350,1930-04-19,109
1931,liestal,switzerland,47.4814,7.730519,350,1931-04-26,116
1932,liestal,switzerland,47.4814,7.730519,350,1932-04-29,120
1933,liestal,switzerland,47.4814,7.730519,350,1933-04-22,112
1934,liestal,switzerland,47.4814,7.730519,350,1934-04-16,106
1935,liestal,switzerland,47.4814,7.730519,350,1935-04-16,106
1936,liestal,switzerland,47.4814,7.730519,350,1936-04-09,100
1937,liestal,switzerland,47.4814,7.730519,350,1937-04-11,101
1938,liestal,switzerland,47.4814,7.730519,350,1938-04-01,91
1939,liestal,switzerland,47.4814,7.730519,350,1939-04-15,105
1940,liestal,switzerland,47.4814,7.730519,350,1940-04-21,112
1941,liestal,switzerland,47.4814,7.730519,350,1941-04-26,116
1942,liestal,switzerland,47.4814,7.730519,350,1942-04-24,114
1943,liestal,switzerland,47.4814,7.730519,350,1943-04-12,102
1944,liestal,switzerland,47.4814,7.730519,350,1944-04-18,109
1945,liestal,switzerland,47.4814,7.730519,350,1945-04-02,92
1946,liestal,switzerland,47.4814,7.730519,350,1946-04-06,96
1947,liestal,switzerland,47.4814,7.730519,350,1947-04-17,107
1948,liestal,switzerland,47.4814,7.730519,350,1948-03-28,88
1949,liestal,switzerland,47.4814,7.730519,350,1949-04-17,107
1950,liestal,switzerland,47.4814,7.730519,350,1950-04-10,100
1951,liestal,switzerland,47.4814,7.730519,350,1951-04-18,108
1952,liestal,switzerland,47.4814,7.730519,350,1952-04-11,102
1953,liestal,switzerland,47.4814,7.730519,350,1953-04-06,96
1954,liestal,switzerland,47.4814,7.730519,350,1954-04-26,116
1955,liestal,switzerland,47.4814,7.730519,350,1955-04-26,116
1956,liestal,switzerland,47.4814,7.730519,350,1956-04-27,118
1957,liestal,switzerland,47.4814,7.730519,350,1957-03-25,84
1958,liestal,switzerland,47.4814,7.730519,350,1958-04-25,115
1959,liestal,switzerland,47.4814,7.730519,350,1959-04-02,92
1960,liestal,switzerland,47.4814,7.730519,350,1960-04-03,94
1961,liestal,switzerland,47.4814,7.730519,350,1961-03-20,79
1962,liestal,switzerland,47.4814,7.730519,350,1962-04-25,115
1963,liestal,switzerland,47.4814,7.730519,350,1963-04-24,114
1964,liestal,switzerland,47.4814,7.730519,350,1964-04-16,107
1965,liestal,switzerland,47.4814,7.730519,350,1965-04-12,102
1966,liestal,switzerland,47.4814,7.730519,350,1966-04-08,98
1967,liestal,switzerland,47.4814,7.730519,350,1967-04-04,94
1968,liestal,switzerland,47.4814,7.730519,350,1968-04-12,103
1969,liestal,switzerland,47.4814,7.730519,350,1969-04-23,113
1970,liestal,switzerland,47.4814,7.730519,350,1970-04-24,114
1971,liestal,switzerland,47.4814,7.730519,350,1971-04-17,107
1972,liestal,switzerland,47.4814,7.730519,350,1972-04-06,97
1973,liestal,switzerland,47.4814,7.730519,350,1973-04-29,119
1974,liestal,switzerland,47.4814,7.730519,350,1974-04-02,92
1975,liestal,switzerland,47.4814,7.730519,350,1975-04-18,108
1976,liestal,switzerland,47.4814,7.730519,350,1976-04-11,102
1977,liestal,switzerland,47.4814,7.730519,350,1977-03-21,80
1978,liestal,switzerland,47.4814,7.730519,350,1978-04-18,108
1979,liestal,switzerland,47.4814,7.730519,350,1979-04-15,105
1980,liestal,switzerland,47.4814,7.730519,350,1980-04-13,104
1981,liestal,switzerland,47.4814,7.730519,350,1981-04-02,92
1982,liestal,switzerland,47.4814,7.730519,350,1982-04-18,108
1983,liestal,switzerland,47.4814,7.730519,350,1983-04-11,101
1984,liestal,switzerland,47.4814,7.730519,350,1984-04-19,110
1985,liestal,switzerland,47.4814,7.730519,350,1985-04-16,106
1986,liestal,switzerland,47.4814,7.730519,350,1986-05-01,121
1987,liestal,switzerland,47.4814,7.730519,350,1987-04-22,112
1988,liestal,switzerland,47.4814,7.730519,350,1988-04-17,108
1989,liestal,switzerland,47.4814,7.730519,350,1989-03-28,87
1990,liestal,switzerland,47.4814,7.730519,350,1990-03-16,75
1991,liestal,switzerland,47.4814,7.730519,350,1991-04-04,94
1992,liestal,switzerland,47.4814,7.730519,350,1992-04-11,102
1993,liestal,switzerland,47.4814,7.730519,350,1993-04-11,101
1994,liestal,switzerland,47.4814,7.730519,350,1994-03-23,82
1995,liestal,switzerland,47.4814,7.730519,350,1995-04-03,93
1996,liestal,switzerland,47.4814,7.730519,350,1996-04-18,109
1997,liestal,switzerland,47.4814,7.730519,350,1997-03-22,81
1998,liestal,switzerland,47.4814,7.730519,350,1998-03-31,90
1999,liestal,switzerland,47.4814,7.730519,350,1999-04-04,94
2000,liestal,switzerland,47.4814,7.730519,350,2000-04-01,92
2001,liestal,switzerland,47.4814,7.730519,350,2001-03-30,89
2002,liestal,switzerland,47.4814,7.730519,350,2002-03-18,77
2003,liestal,switzerland,47.4814,7.730519,350,2003-04-02,92
2004,liestal,switzerland,47.4814,7.730519,350,2004-04-01,92
2005,liestal,switzerland,47.4814,7.730519,350,2005-04-05,95
2006,liestal,switzerland,47.4814,7.730519,350,2006-04-21,111
2007,liestal,switzerland,47.4814,7.730519,350,2007-04-04,94
2008,liestal,switzerland,47.4814,7.730519,350,2008-03-29,89
2009,liestal,switzerland,47.4814,7.730519,350,2009-04-10,100
2010,liestal,switzerland,47.4814,7.730519,350,2010-04-08,98
2011,liestal,switzerland,47.4814,7.730519,350,2011-03-31,90
2012,liestal,switzerland,47.4814,7.730519,350,2012-04-02,93
2013,liestal,switzerland,47.4814,7.730519,350,2013-04-17,107
2014,liestal,switzerland,47.4814,7.730519,350,2014-03-25,84
2015,liestal,switzerland,47.4814,7.730519,350,2015-04-11,101
2016,liestal,switzerland,47.4814,7.730519,350,2016-04-06,97
2017,liestal,switzerland,47.4814,7.730519,350,2017-03-26,85
2018,liestal,switzerland,47.4814,7.730519,350,2018-04-08,98
2019,liestal,switzerland,47.4814,7.730519,350,2019-03-27,86
2020,liestal,switzerland,47.4814,7.730519,350,2020-03-17,77
2021,liestal,switzerland,47.4814,7.730519,350,2021-03-28,87
2022,liestal,switzerland,47.4814,7.730519,350,2022-03-26,85
2023,liestal,switzerland,47.4814,7.730519,350,2023-03-29,88
2024,liestal,switzerland,47.4814,7.730519,350,2024-03-20,80
2024,newyorkcity,unitedstates,40.7304,-73.99809,8.5,2024-03-28,88
2019,newyorkcity,unitedstates,40.7304,-73.99809,8.5,2019-04-12,102
2021,newyorkcity,unitedstates,40.7304,-73.99809,8.5,2021-04-06,96
2023,newyorkcity,unitedstates,40.7304,-73.99809,8.5,2023-04-02,92
2008,vancouver,canada,49.2237,-123.1636,24,2008-04-14,105
2010,vancouver,canada,49.2237,-123.1636,24,2010-03-14,73
2011,vancouver,canada,49.2237,-123.1636,24,2011-04-01,91
2015,vancouver,canada,49.2237,-123.1636,24,2015-03-19,78
2017,vancouver,canada,49.2237,-123.1636,24,2017-04-11,101
2018,vancouver,canada,49.2237,-123.1636,24,2018-03-18,77
2020,vancouver,canada,49.2237,-123.1636,24,2020-04-03,94
2021,vancouver,canada,49.2237,-123.1636,24,2021-03-31,90
2022,vancouver,canada,49.2237,-123.1636,24,2022-03-27,86
2023,vancouver,canada,49.2237,-123.1636,24,2023-04-07,96
2024,vancouver,canada,49.2237,-123.1636,24,2024-03-23,83
1921,washingtondc,unitedstates,38.8853496,-77.0386278,0,1921-03-20,79
1922,washingtondc,unitedstates,38.8853496,-77.0386278,0,1922-04-07,97
1923,washingtondc,unitedstates,38.8853496,-77.0386278,0,1923-04-09,99
1924,washingtondc,unitedstates,38.8853496,-77.0386278,0,1924-04-13,104
1925,washingtondc,unitedstates,38.8853496,-77.0386278,0,1925-03-27,86
1926,washingtondc,unitedstates,38.8853496,-77.0386278,0,1926-04-11,101
1927,washingtondc,unitedstates,38.8853496,-77.0386278,0,1927-03-20,79
1928,washingtondc,unitedstates,38.8853496,-77.0386278,0,1928-04-08,99
1929,washingtondc,unitedstates,38.8853496,-77.0386278,0,1929-03-31,90
1930,washingtondc,unitedstates,38.8853496,-77.0386278,0,1930-04-01,91
1931,washingtondc,unitedstates,38.8853496,-77.0386278,0,1931-04-11,101
1932,washingtondc,unitedstates,38.8853496,-77.0386278,0,1932-04-15,106
1933,washingtondc,unitedstates,38.8853496,-77.0386278,0,1933-04-09,99
1934,washingtondc,unitedstates,38.8853496,-77.0386278,0,1934-04-15,105
1935,washingtondc,unitedstates,38.8853496,-77.0386278,0,1935-04-01,91
1936,washingtondc,unitedstates,38.8853496,-77.0386278,0,1936-04-07,98
1937,washingtondc,unitedstates,38.8853496,-77.0386278,0,1937-04-14,104
1938,washingtondc,unitedstates,38.8853496,-77.0386278,0,1938-03-25,84
1939,washingtondc,unitedstates,38.8853496,-77.0386278,0,1939-03-30,89
1940,washingtondc,unitedstates,38.8853496,-77.0386278,0,1940-04-13,104
1941,washingtondc,unitedstates,38.8853496,-77.0386278,0,1941-04-12,102
1942,washingtondc,unitedstates,38.8853496,-77.0386278,0,1942-04-05,95
1943,washingtondc,unitedstates,38.8853496,-77.0386278,0,1943-04-04,94
1944,washingtondc,unitedstates,38.8853496,-77.0386278,0,1944-04-09,100
1945,washingtondc,unitedstates,38.8853496,-77.0386278,0,1945-03-20,79
1946,washingtondc,unitedstates,38.8853496,-77.0386278,0,1946-03-23,82
1947,washingtondc,unitedstates,38.8853496,-77.0386278,0,1947-04-12,102
1948,washingtondc,unitedstates,38.8853496,-77.0386278,0,1948-03-28,88
1949,washingtondc,unitedstates,38.8853496,-77.0386278,0,1949-03-29,88
1950,washingtondc,unitedstates,38.8853496,-77.0386278,0,1950-04-09,99
1951,washingtondc,unitedstates,38.8853496,-77.0386278,0,1951-04-06,96
1952,washingtondc,unitedstates,38.8853496,-77.0386278,0,1952-04-09,100
1953,washingtondc,unitedstates,38.8853496,-77.0386278,0,1953-03-27,86
1954,washingtondc,unitedstates,38.8853496,-77.0386278,0,1954-04-06,96
1955,washingtondc,unitedstates,38.8853496,-77.0386278,0,1955-04-02,92
1956,washingtondc,unitedstates,38.8853496,-77.0386278,0,1956-04-06,97
1957,washingtondc,unitedstates,38.8853496,-77.0386278,0,1957-04-08,98
1958,washingtondc,unitedstates,38.8853496,-77.0386278,0,1958-04-18,108
1959,washingtondc,unitedstates,38.8853496,-77.0386278,0,1959-04-06,96
1960,washingtondc,unitedstates,38.8853496,-77.0386278,0,1960-04-14,105
1961,washingtondc,unitedstates,38.8853496,-77.0386278,0,1961-04-02,92
1962,washingtondc,unitedstates,38.8853496,-77.0386278,0,1962-04-07,97
1963,washingtondc,unitedstates,38.8853496,-77.0386278,0,1963-04-03,93
1964,washingtondc,unitedstates,38.8853496,-77.0386278,0,1964-04-11,102
1965,washingtondc,unitedstates,38.8853496,-77.0386278,0,1965-04-15,105
1966,washingtondc,unitedstates,38.8853496,-77.0386278,0,1966-04-05,95
1967,washingtondc,unitedstates,38.8853496,-77.0386278,0,1967-04-06,96
1968,washingtondc,unitedstates,38.8853496,-77.0386278,0,1968-03-30,90
1969,washingtondc,unitedstates,38.8853496,-77.0386278,0,1969-04-09,99
1970,washingtondc,unitedstates,38.8853496,-77.0386278,0,1970-04-16,106
1971,washingtondc,unitedstates,38.8853496,-77.0386278,0,1971-04-08,98
1972,washingtondc,unitedstates,38.8853496,-77.0386278,0,1972-04-11,102
1973,washingtondc,unitedstates,38.8853496,-77.0386278,0,1973-04-11,101
1974,washingtondc,unitedstates,38.8853496,-77.0386278,0,1974-04-03,93
1975,washingtondc,unitedstates,38.8853496,-77.0386278,0,1975-04-03,93
1976,washingtondc,unitedstates,38.8853496,-77.0386278,0,1976-03-23,83
1977,washingtondc,unitedstates,38.8853496,-77.0386278,0,1977-03-26,85
1978,washingtondc,unitedstates,38.8853496,-77.0386278,0,1978-04-12,102
1979,washingtondc,unitedstates,38.8853496,-77.0386278,0,1979-04-02,92
1980,washingtondc,unitedstates,38.8853496,-77.0386278,0,1980-04-06,97
1981,washingtondc,unitedstates,38.8853496,-77.0386278,0,1981-04-03,93
1982,washingtondc,unitedstates,38.8853496,-77.0386278,0,1982-04-07,97
1983,washingtondc,unitedstates,38.8853496,-77.0386278,0,1983-04-07,97
1984,washingtondc,unitedstates,38.8853496,-77.0386278,0,1984-04-03,94
1985,washingtondc,unitedstates,38.8853496,-77.0386278,0,1985-04-07,97
1986,washingtondc,unitedstates,38.8853496,-77.0386278,0,1986-04-02,92
1987,washingtondc,unitedstates,38.8853496,-77.0386278,0,1987-03-28,87
1988,washingtondc,unitedstates,38.8853496,-77.0386278,0,1988-03-31,91
1989,washingtondc,unitedstates,38.8853496,-77.0386278,0,1989-03-29,88
1990,washingtondc,unitedstates,38.8853496,-77.0386278,0,1990-03-15,74
1991,washingtondc,unitedstates,38.8853496,-77.0386278,0,1991-03-29,88
1992,washingtondc,unitedstates,38.8853496,-77.0386278,0,1992-04-07,98
1993,washingtondc,unitedstates,38.8853496,-77.0386278,0,1993-04-11,101
1994,washingtondc,unitedstates,38.8853496,-77.0386278,0,1994-04-05,95
1995,washingtondc,unitedstates,38.8853496,-77.0386278,0,1995-04-02,92
1996,washingtondc,unitedstates,38.8853496,-77.0386278,0,1996-04-04,95
1997,washingtondc,unitedstates,38.8853496,-77.0386278,0,1997-03-26,85
1998,washingtondc,unitedstates,38.8853496,-77.0386278,0,1998-03-27,86
1999,washingtondc,unitedstates,38.8853496,-77.0386278,0,1999-04-05,95
2000,washingtondc,unitedstates,38.8853496,-77.0386278,0,2000-03-17,77
2001,washingtondc,unitedstates,38.8853496,-77.0386278,0,2001-04-06,96
2002,washingtondc,unitedstates,38.8853496,-77.0386278,0,2002-04-02,92
2003,washingtondc,unitedstates,38.8853496,-77.0386278,0,2003-04-02,92
2004,washingtondc,unitedstates,38.8853496,-77.0386278,0,2004-03-31,91
2005,washingtondc,unitedstates,38.8853496,-77.0386278,0,2005-04-09,99
2006,washingtondc,unitedstates,38.8853496,-77.0386278,0,2006-03-30,89
2007,washingtondc,unitedstates,38.8853496,-77.0386278,0,2007-04-01,91
2008,washingtondc,unitedstates,38.8853496,-77.0386278,0,2008-03-26,86
2009,washingtondc,unitedstates,38.8853496,-77.0386278,0,2009-04-01,91
2010,washingtondc,unitedstates,38.8853496,-77.0386278,0,2010-03-31,90
2011,washingtondc,unitedstates,38.8853496,-77.0386278,0,2011-03-29,88
2012,washingtondc,unitedstates,38.8853496,-77.0386278,0,2012-03-20,80
2013,washingtondc,unitedstates,38.8853496,-77.0386278,0,2013-04-09,99
2014,washingtondc,unitedstates,38.8853496,-77.0386278,0,2014-04-10,100
2015,washingtondc,unitedstates,38.8853496,-77.0386278,0,2015-04-10,100
2016,washingtondc,unitedstates,38.8853496,-77.0386278,0,2016-03-25,85
2017,washingtondc,unitedstates,38.8853496,-77.0386278,0,2017-03-25,84
2018,washingtondc,unitedstates,38.8853496,-77.0386278,0,2018-04-05,95
2019,washingtondc,unitedstates,38.8853496,-77.0386278,0,2019-04-01,91
2020,washingtondc,unitedstates,38.8853496,-77.0386278,0,2020-03-20,80
2021,washingtondc,unitedstates,38.8853496,-77.0386278,0,2021-03-28,87
2022,washingtondc,unitedstates,38.8853496,-77.0386278,0,2022-03-21,80
2023,washingtondc,unitedstates,38.8853496,-77.0386278,0,2023-03-23,82
2024,washingtondc,unitedstates,38.8853496,-77.0386278,0,2024-03-17,77
